Scientific Name,Common Name,Status
Scientific Name,Common Name,Status
Addax nasomaculatus,Addax,Endangered
Bubalus depressicornis,"Anoa, lowland",Endangered
Bubalus quarlesi,"Anoa, mountain",Endangered
Hippotragus niger variani,"Antelope, giant sable",Endangered
Panthalops hodgsonii,"Antelope, Tibetan",Endangered
Ovis ammon,"Argali [All populations except Kyrgyzstan, Mongolia, and Tajikistan]",Endangered
Ovis ammon,"Argali [Kyrgyzstan, Mongolia, and Tajikistan]",Threatened
Priodontes maximus,"Armadillo, giant",Endangered
Chlamyphorus truncatus,"Armadillo, pink fairy",Endangered
Equus africanus,"Ass, African wild",Endangered
Equus hemionus,"Ass, Asian wild",Endangered
Avahi laniger(=entire genus),Avahi,Endangered
Daubentonia madagascariensis,Aye-aye,Endangered
Babyrousa babyrussa,Babirusa,Endangered
Theropithecus gelada,"Baboon, gelada",Threatened
Perameles bougainville,"Bandicoot, barred",Endangered
Perameles eremiana,"Bandicoot, desert",Endangered
Macrotis leucura,"Bandicoot, lesser rabbit",Endangered
Chaeropus ecaudatus,"Bandicoot, pig-footed",Endangered
Macrotis lagotis,"Bandicoot, rabbit",Endangered
Bos javanicus,Banteng,Endangered
Aproteles bulmerae,"Bat, Bulmer's fruit (flying fox)",Endangered
Craseonycteris thonglongyai,"Bat, bumblebee",Endangered
Eumops floridanus,"Bat, Florida bonneted",Endangered
Myotis grisescens,"Bat, gray",Endangered
Lasiurus cinereus semotus,"Bat, Hawaiian hoary",Endangered
Myotis sodalis,"Bat, Indiana",Endangered
Pteropus tokudae,"Bat, little Mariana fruit",Endangered
Pteropus mariannus mariannus,"Fruit Bat, Mariana (=fanihi, Mariana flying fox)",Threatened
Leptonycteris nivalis,"Bat, Mexican long-nosed",Endangered
Myotis septentrionalis,"Bat, northern long-eared",Threatened
Corynorhinus (=Plecotus) townsendii ingens,"Bat, Ozark big-eared",Endangered
Emballonura semicaudata rotensis,"Bat, Pacific sheath-tailed (Mariana subspecies) (Payeyi, Paischeey)",Endangered
Emballonura semicaudata semicaudata,"Bat, Pacific sheath-tailed (South Pacific subspecies) (= peapea vai, American Samoa; = tagiti, Samoa; = beka beka, Fiji)",Endangered
Pteropus rodricensis,"Bat, Rodrigues fruit (flying fox)",Endangered
Hipposideros ridleyi,"Bat, Singapore roundleaf horseshoe",Endangered
Corynorhinus (=Plecotus) townsendii virginianus,"Bat, Virginia big-eared",Endangered
Ursus thibetanus gedrosianus,"Bear, Baluchistan",Endangered
Ursus arctos arctos,"Bear, brown [Italy]",Endangered
Ursus arctos pruinosus,"Bear, brown",Endangered
Ursus arctos horribilis,"Bear, grizzly",Threatened
Ursus arctos horribilis,"Bear, grizzly",XN
Ursus arctos,"Bear, Mexican grizzly",Endangered
Ursus maritimus,"Bear, polar",Threatened
Castor fiber birulai,Beaver (Mongolia),Endangered
Bison bison athabascae,"Bison, wood",Threatened
Bison bison athabascae,"Bison, wood",XN
Lynx (=Felis) rufus escuinapae,"Bobcat, Mexican",Endangered
Damaliscus pygarus (=dorcas) dorcas,Bontebok (antelope),Endangered
Camelus bactrianus,"Camel, Bactrian",Endangered
Rangifer tarandus caribou,"Caribou, woodland [Southern Selkirk Mountains DPS]",Endangered
Felis jacobita,"Cat, Andean",Endangered
Catopuma (=Felis) temminckii,"Cat, Asian golden (=Temminck's)",Endangered
Felis nigripes,"Cat, black-footed",Endangered
Prionailurus (=Felis) planiceps,"Cat, flat-headed",Endangered
Prionailurus (=Felis) bengalensis iriomotensis,"Cat, Iriomote",Endangered
Prionailurus (=Felis) bengalensis bengalensis,"Cat, leopard",Endangered
Pardofelis (=Felis) marmorata,"Cat, marbled",Endangered
Felis margarita scheffeli,"Cat, Pakistan sand",Endangered
Leopardus (=Felis) tigrinus,"Cat, tiger",Endangered
Rupicapra rupicapra ornata,"Chamois, Apennine",Endangered
Acinonyx jubatus,Cheetah,Endangered
Pan troglodytes,Chimpanzee,Endangered
Pan paniscus,"Chimpanzee, pygmy",Endangered
Chinchilla brevicaudata boliviana,Chinchilla,Endangered
Viverra civettina (=megaspila c.),"Civet, Malabar large-spotted",Endangered
Cervus elaphus bactrianus,"Deer, Bactrian",Endangered
Cervus elaphus barbarus,"Deer, Barbary",Endangered
Axis porcinus calamianensis,"Deer, Calamianes (=Philippine)",Endangered
Odocoileus hemionus cedrosensis,"Deer, Cedros Island mule",Endangered
Odocoileus virginianus leucurus,"Deer, Columbian white-tailed [Columbia River DPS]",Threatened
Cervus elaphus corsicanus,"Deer, Corsican red",Endangered
Cervus eldi,"Deer, Eld's brow-antlered",Endangered
Cervus nippon taiouanus,"Deer, Formosan sika",Endangered
Axis (=Cervus) porcinus annamiticus,"Deer, Indochina hog",Endangered
Odocoileus virginianus clavium,"Deer, key",Endangered
Axis porcinus kuhli,"Deer, Kuhl's (=Bawean)",Endangered
Blastocerus dichotomus,"Deer, marsh",Endangered
Cervus elaphus macneilii,"Deer, McNeill's",Endangered
Moschus spp. (all species),"Deer, musk",Endangered
Cervus nippon mandarinus,"Deer, North China sika",Endangered
Ozotoceros bezoarticus,"Deer, pampas",Endangered
Dama mesopotamica (=dama m.),"Deer, Persian fallow",Endangered
Cervus nippon keramae,"Deer, Ryukyu sika",Endangered
Cervus nippon grassianus,"Deer, Shansi sika",Endangered
Cervus nippon kopschi,"Deer, South China sika",Endangered
Cervus duvauceli,"Deer, swamp",Endangered
Cervus alfredi,"Deer, Visayan",Endangered
Cervus elaphus yarkandensis,"Deer, Yarkand",Endangered
Cuon alpinus,Dhole,Endangered
Antechinus apicalis,Dibbler,Endangered
Lycaon pictus,"Dog, African wild",Endangered
Lipotes vexillifer,"Dolphin, Chinese river",Endangered
Platanista gangetica minor,"Dolphin, South Asian River (Indus River subspecies)",Endangered
Cephalorhynchus hectori hectori,"Dolphin, South Island Hector's",Endangered
Cephalorhynchus hectori maui,"Dolphin, Maui",Endangered
Mandrillus (=Papio) leucophaeus,Drill,Endangered
Dugong dugon,Dugong,Endangered
Cephalophus jentinki,"Duiker, Jentink's",Endangered
Taurotragus derbianus derbianus,"Eland, western giant",Endangered
Loxodonta africana,"Elephant, African",Threatened
Elephas maximus,"Elephant, Asian",Endangered
Mustela nigripes,"Ferret, black-footed",Endangered
Mustela nigripes,"Ferret, black-footed",XN
Vulpes velox hebes,"Fox, northern swift",Endangered
Vulpes macrotis mutica,"Fox, San Joaquin kit",Endangered
Urocyon littoralis catalinae,"Fox, Santa Catalina Island",Threatened
Canis simensis,"Fox, Simien",Endangered
Gazella gazella,"Gazelle, Arabian",Endangered
Ammodorcas clarkei,"Gazelle, Clark's",Endangered
Gazella dama,"Gazelle, dama",Endangered
Gazella dama mhorr,"Gazelle, Mhorr",Endangered
Gazella dorcas massaesyla,"Gazelle, Moroccan",Endangered
Gazella cuvieri,"Gazelle, mountain (=Cuvier's)",Endangered
Gazella dama lozanoi,"Gazelle, Rio de Oro Dama",Endangered
Gazella dorcas pelzelni,"Gazelle, Pelzeln's",Endangered
Gazella subgutturosa marica,"Gazelle, sand",Endangered
Gazella dorcas saudiya,"Gazelle, Saudi Arabian",Endangered
Gazella leptoceros,"Gazelle, slender-horned",Endangered
Hylobates spp. (including Nomascus ),Gibbons,Endangered
Nemorhedus goral,Goral,Endangered
Gorilla gorilla,Gorilla,Endangered
Caprolagus hispidus,"Hare, hispid",Endangered
Alcelaphus buselaphus swaynei,"Hartebeest, Swayne's",Endangered
Alcelaphus buselaphus tora,"Hartebeest, Tora",Endangered
Sus salvanius,"Hog, pygmy",Endangered
Equus przewalskii,"Horse, Przewalski's",Endangered
Hippocamelus antisensis,"Huemul, north Andean",Endangered
Hippocamelus bisulcus,"Huemul, south Andean",Endangered
Capromys angelcabrerai,"Hutia, Cabrera's",Endangered
Capromys nana,"Hutia, dwarf",Endangered
Capromys auritus,"Hutia, large-eared",Endangered
Capromys sanfelipensis,"Hutia, little earth",Endangered
Hyaena hyaena barbara,"Hyena, Barbary",Endangered
Parahyaena (=Hyaena) brunnea,"Hyena, brown",Endangered
Capra pyrenaica pyrenaica,"Ibex, Pyrenean",Endangered
Capra walie,"Ibex, Walia",Endangered
Aepyceros melampus petersi,"Impala, black-faced",Endangered
Indri indri(=entire genus),Indri,Endangered
Panthera onca,Jaguar,Endangered
Herpailurus (=Felis) yagouaroundi fossata,"Jaguarundi, Guatemalan",Endangered
Herpailurus (=Felis) yagouaroundi cacomitli,"Jaguarundi, Gulf Coast",Endangered
Herpailurus (=Felis) yagouaroundi panamensis,"Jaguarundi, Panamanian",Endangered
Herpailurus (=Felis) yagouaroundi tolteca,"Jaguarundi, Sinaloan",Endangered
Dipodomys nitratoides exilis,"Kangaroo rat, Fresno",Endangered
Dipodomys ingens,"Kangaroo rat, giant",Endangered
Dipodomys heermanni morroensis,"Kangaroo rat, Morro Bay",Endangered
Dipodomys merriami parvus,"Kangaroo rat, San Bernardino Merriam's",Endangered
Dipodomys stephensi (incl. D. cascus),"Kangaroo rat, Stephens'",Endangered
Dipodomys nitratoides nitratoides,"Kangaroo rat, Tipton",Endangered
Macropus giganteus tasmaniensis,"Kangaroo, Tasmanian forester",Endangered
Phascolarctos cinereus,Koala,Threatened
Bos sauveli,Kouprey,Endangered
Trachypithecus (=Presbytis) pileatus,"Langur, capped",Endangered
Pygathrix nemaeus,"Langur, Douc",Endangered
Trachypithecus (=Presbytis) francoisi,"Langur, Francois'",Endangered
Trachypithecus (=Presbytis) geei,"Langur, golden",Endangered
Semnopithecus (=Presbytis) entellus,"Langur, gray (=entellus)",Endangered
Presbytis potenziani,"Langur, long-tailed",Threatened
Nasalis concolor,"Langur, Pagi Island",Endangered
Presbytis senex,"Langur, purple-faced",Threatened
Kobus leche,"Lechwe, red",Threatened
"Lemuridae (incl. genera Lemur, Phaner, Hapalemur, Lepilemur, Microcebus, Allocebus, Cheirogaleus, Varecia )",Lemurs,Endangered
Panthera pardus,Leopard,Endangered
Panthera pardus,Leopard [Southern Africa populations],Threatened
Neofelis nebulosa,"Leopard, clouded",Endangered
Uncia (=Panthera) uncia,"Leopard, snow",Endangered
Prionodon pardicolor,"Linsang, spotted",Endangered
Panthera leo leo,Lion,Endangered
Panthera leo melanochaita,Lion,Threatened
Nycticebus pygmaeus,"Loris, lesser slow",Threatened
Lynx canadensis,"Lynx, Canada [Contiguous U.S. DPS]",Threatened
Felis pardina,"Lynx, Spanish",Endangered
Macaca cyclopis,"Macaque, Formosan rock",Threatened
Macaca fuscata,"Macaque, Japanese",Threatened
Macaca silenus,"Macaque, lion-tailed",Endangered
Macaca arctoides,"Macaque, stump-tailed",Threatened
Macaca sinica,"Macaque, Toque",Threatened
Trichechus inunguis,"Manatee, Amazonian",Endangered
Trichechus senegalensis,"Manatee, West African",Threatened
Trichechus manatus,"Manatee, West Indian",Threatened
Mandrillus (=Papio) sphinx,Mandrill,Endangered
Cercocebus galeritus galeritus,"Mangabey, Tana River",Endangered
Cercocebus torquatus,"Mangabey, white-collared",Endangered
Leopardus (=Felis) wiedii,Margay,Endangered
Capra falconeri (=aegagrus) chiltanensis,"Markhor, chiltan (=wild goat)",Endangered
Capra falconeri megaceros,"Markhor, straight-horned",Threatened
Callithrix flaviceps,"Marmoset, buff-headed",Endangered
Saguinus oedipus,"Marmoset, cotton-top",Endangered
Callimico goeldii,"Marmoset, Goeldi's",Endangered
Callithrix aurita (=jacchus a.),"Marmoset, white-eared (=buffy tufted-ear)",Endangered
Marmota vancouverensis,"Marmot, Vancouver Island",Endangered
Antechinomys laniger,"Marsupial, eastern jerboa",Endangered
Sminthopsis psammophila,"Marsupial-mouse, large desert",Endangered
Sminthopsis longicaudata,"Marsupial-mouse, long-tailed",Endangered
Martes flavigula chrysospila,"Marten, Formosan yellow-throated",Endangered
Colobus satanas,"Monkey, black colobus",Endangered
Alouatta pigra,"Monkey, black howler",Threatened
Cercopithecus diana,"Monkey, Diana",Endangered
Rhinopithecus brelichi,"Monkey, Guizhou snub-nosed",Endangered
Cercopithecus lhoesti,"Monkey, L'hoest's",Endangered
Alouatta palliata,"Monkey, mantled howler",Endangered
Procolobus (=Colobus) preussi (=badius p.),"Monkey, Preuss' red colobus",Endangered
Nasalis larvatus,"Monkey, proboscis",Endangered
Saimiri oerstedii,"Monkey, red-backed squirrel",Endangered
Cercopithecus erythrogaster,"Monkey, red-bellied",Endangered
Cercopithecus erythrotis,"Monkey, red-eared nose-spotted",Endangered
Rhinopithecus roxellana,"Monkey, Sichuan snub-nosed",Endangered
Ateles geoffroyi frontatus,"Monkey, spider",Endangered
Ateles geoffroyl panamensis,"Monkey, spider",Endangered
Procolobus (=Colobus) rufomitratus (=badius r.),"Monkey, Tana River red colobus",Endangered
Rhinopithecus avunculus,"Monkey, Tonkin snub-nosed",Endangered
Brachyteles arachnoides,"Monkey, woolly spider",Endangered
Lagothrix flavicauda,"Monkey, yellow-tailed woolly",Endangered
Rhinopithecus bieti,"Monkey, Yunnan snub-nosed",Endangered
Procolobus (=Colobus) pennantii (=kirki) kirki,"Monkey, Zanzibar red colobus",Endangered
Aplodontia rufa nigra,"Mountain beaver, Point Arena",Endangered
Peromyscus polionotus ammobates,"Mouse, Alabama beach",Endangered
Peromyscus polionotus phasma,"Mouse, Anastasia Island beach",Endangered
Notomys aquilo,"Mouse, Australian native",Endangered
Zyzomys pedunculatus,"Mouse, Australian native",Endangered
Peromyscus polionotus allophrys,"Mouse, Choctawhatchee beach",Endangered
Pseudomys fieldi,"Mouse, Field's",Endangered
Pseudomys gouldii,"Mouse, Gould's",Endangered
Peromyscus gossypinus allapaticola,"Mouse, Key Largo cotton",Endangered
Pseudomys novaehollandiae,"Mouse, New Holland",Endangered
Zapus hudsonius luteus,"Mouse, New Mexico meadow jumping",Endangered
Perognathus longimembris pacificus,"Mouse, Pacific pocket",Endangered
Peromyscus polionotus trissyllepsis,"Mouse, Perdido Key beach",Endangered
Zapus hudsonius preblei,"Mouse, Preble's meadow jumping",Threatened
Reithrodontomys raviventris,"Mouse, salt marsh harvest",Endangered
Pseudomys praeconis,"Mouse, Shark Bay",Endangered
Pseudomys shortridgei,"Mouse, Shortridge's",Endangered
Pseudomys fumeus,"Mouse, smoky",Endangered
Peromyscus polionotus niveiventris,"Mouse, southeastern beach",Threatened
Peromyscus polionotus peninsularis,"Mouse, St. Andrew beach",Endangered
Pseudomys occidentalis,"Mouse, western",Endangered
Muntiacus feae,"Muntjac, Fea's",Endangered
Dasyurus viverrinus,"Native-cat, eastern",Endangered
Myrmecobius fasciatus,Numbat,Endangered
Leopardus (=Felis) pardalis,Ocelot,Endangered
Pongo pygmaeus,Orangutan,Endangered
Oryx leucoryx,"Oryx, Arabian",Endangered
Oryx dammah,"Oryx, scimitar-horned",Endangered
Aonyx congicus (=congica) microdon,"Otter, Cameroon clawless",Endangered
Pteronura brasiliensis,"Otter, giant",Endangered
Lontra (=Lutra) longicaudis (incl. platensis ),"Otter, long-tailed",Endangered
Lontra (=Lutra) felina,"Otter, marine",Endangered
Enhydra lutris kenyoni,"Otter, northern sea [Southwest Alaska DPS]",Threatened
Lontra (=Lutra) provocax,"Otter, southern river",Endangered
Enhydra lutris nereis,"Otter, southern sea",Threatened
Ailuropoda melanoleuca,"Panda, giant",Endangered
Manis temmincki,"Pangolin, Temnick's ground",Endangered
Puma (=Felis) concolor coryi,"Panther, Florida",Endangered
Planigale ingrami subtilissima,"Planigale, little",Endangered
Planigale tenuirostris,"Planigale, southern",Endangered
Thomomys mazama pugetensis,"Pocket gopher, Olympia",Threatened
Thomomys mazama glacialis,"Pocket gopher, Roy Prairie",Threatened
Thomomys mazama tumuli,"Pocket gopher, Tenino",Threatened
Thomomys mazama yelmensis,"Pocket gopher, Yelm",Threatened
Chaetomys subspinosus,"Porcupine, thin-spined",Endangered
Phocoena sinus,"Porpoise, Gulf of California harbor (cochito, vaquita)",Endangered
Gymnobelideus leadbeateri,"Possum, Leadbeater's",Endangered
Burramys parvus,"Possum, mountain pygmy",Endangered
Wyulda squamicaudata,"Possum, scaly-tailed",Endangered
Cynomys mexicanus,"Prairie dog, Mexican",Endangered
Cynomys parvidens,"Prairie dog, Utah",Threatened
Antilocapra americana peninsularis,"Pronghorn, peninsular",Endangered
Antilocapra americana sonoriensis,"Pronghorn, Sonoran",Endangered
Antilocapra americana sonoriensis,"Pronghorn, Sonoran",XN
Pudu pudu,Pudu,Endangered
Puma (=Felis) concolor (all subsp. except coryi ),Puma (=mountain lion),T(S/A)
Puma (=Felis) concolor costaricensis,"Puma, Costa Rican",Endangered
Setonix brachyurus,Quokka,Endangered
Brachylagus idahoensis,"Rabbit, Columbia Basin pygmy [Columbia Basin DPS]",Endangered
Sylvilagus palustris hefneri,"Rabbit, Lower Keys",Endangered
Sylvilagus bachmani riparius,"Rabbit, riparian brush",Endangered
Pentalagus furnessi,"Rabbit, Ryukyu",Endangered
Romerolagus diazi,"Rabbit, volcano",Endangered
Xeromys myoides,"Rat, false water",Endangered
Leporillus conditor,"Rat, stick-nest",Endangered
Bettongia penicillata,"Rat-kangaroo, brush-tailed",Endangered
Caloprymnus campestris,"Rat-kangaroo, desert (=plain)",Endangered
Bettongia gaimardi,"Rat-kangaroo, Gaimard's",Endangered
Bettongia lesueur,"Rat-kangaroo, Lesuer's",Endangered
Bettongia tropica,"Rat-kangaroo, Queensland",Endangered
Diceros bicornis,"Rhinoceros, black",Endangered
Rhinoceros unicornis,"Rhinoceros, great Indian",Endangered
Rhinoceros sondaicus,"Rhinoceros, Javan",Endangered
Ceratotherium simum cottoni,"Rhinoceros, northern white",Endangered
Ceratotherium simum simum,"Rhinoceros, southern white",T(S/A)
Dicerorhinus sumatrensis,"Rhinoceros, Sumatran",Endangered
Oryzomys palustris natator,Rice rat [Lower FL Keys DPS],Endangered
Saiga tatarica mongolica,"Saiga, Mongolian (antelope)",Endangered
Chiropotes satanas satanas,"Saki, southern bearded",Endangered
Chiropotes albinasus,"Saki, white-nosed",Endangered
Eumetopias jubatus,"Sea lion, Steller [Western DPS]",Endangered
Erignathus barbatus nauticus,"Seal, bearded [Beringia DPS]",Threatened
Erignathus barbatus nauticus,"Seal, bearded [Okhotsk DPS]",Threatened
Arctocephalus townsendi,"Seal, Guadalupe fur",Threatened
Neomonachus schauinslandi (=Monachus schauinslandi),"Seal, Hawaiian monk",Endangered
Monachus monachus,"Seal, Mediterranean monk",Endangered
Phoca (=Pusa) hispida hispida,"Seal, ringed (Arctic subspecies)",Threatened
Phoca (=Pusa) hispida botnica,"Seal, ringed (Baltic subspecies)",Threatened
Phoca (=Pusa) hispida ladogensis,"Seal, ringed (Ladoga subspecies)",Endangered
Phoca (=Pusa) hispida ochotensis,"Seal, ringed (Okhotsk subspecies)",Threatened
Phoca hispida saimensis,"Seal, ringed (Saimaa subspecies)",Endangered
Phoca largha,"Seal, spotted [Southern DPS]",Threatened
Bos gaurus,Seledang,Endangered
Naemorhedus (=Capricornis) sumatraensis,Serow,Endangered
Leptailurus (=Felis) serval constantina,"Serval, Barbary",Endangered
Ovis vignei vignei,Shapo,Endangered
Ovis canadensis nelsoni,"Sheep, Peninsular bighorn [Peninsular CA DPS]",Endangered
Ovis canadensis sierrae,"Sheep, Sierra Nevada bighorn",Endangered
Cervus elaphus wallichi,Shou,Endangered
Sorex ornatus relictus,"Shrew, Buena Vista Lake",Endangered
Symphalangus syndactylus,Siamang,Endangered
Propithecus spp.,Sifakas,Endangered
Bradypus torquatus,"Sloth, Brazilian three-toed",Endangered
Solenodon cubanus,"Solenodon, Cuban",Endangered
Solenodon paradoxus,"Solenodon, Haitian",Endangered
Glaucomys sabrinus coloratus,"Squirrel, Carolina northern flying",Endangered
Tamiasciurus hudsonicus grahamensis,"Squirrel, Mount Graham red",Endangered
Spermophilus brunneus brunneus,"Squirrel, northern Idaho ground",Threatened
Cervus elaphus barbarus,"Stag, Barbary",Endangered
Cervus elaphus hanglu,"Stag, Kashmir",Endangered
Neotragus moschatus moschatus,"Suni, Zanzibar",Endangered
Hemitragus jayakari,"Tahr, Arabian",Endangered
Bubalus mindorensis,Tamaraw,Endangered
Leontopithecus spp.,"Tamarin, golden-rumped",Endangered
Saguinus bicolor,"Tamarin, pied",Endangered
Saguinus leucopus,"Tamarin, white-footed",Threatened
Tapirus indicus,"Tapir, Asian",Endangered
Tapirus bairdii,"Tapir, Central American",Endangered
Tapirus pinchaque,"Tapir, mountain",Endangered
Tapirus terrestris,"Tapir, South American (=Brazilian)",Endangered
Tarsius syrichta,"Tarsier, Philippine",Threatened
Panthera tigris,Tiger,Endangered
Thylacinus cynocephalus,"Tiger, Tasmanian",Endangered
Cacajao spp.,Uakari (all species),Endangered
Ovis musimon ophion,Urial,Endangered
Vicugna vicugna,"Vicuna [Argentina, Bolivia, Chile and Peru]",Threatened
Vicugna vicugna,Vicuna [Ecuador DPS],Endangered
Microtus californicus scirpensis,"Vole, Amargosa",Endangered
Microtus pennsylvanicus dukecampbelli,"Vole, Florida salt marsh",Endangered
Lagostrophus fasciatus,"Wallaby, banded hare",Endangered
Onychogalea fraenata,"Wallaby, brindled nail-tailed",Endangered
Onychogalea lunata,"Wallaby, crescent nail-tailed",Endangered
Macropus parma,"Wallaby, Parma",Endangered
Lagorchestes hirsutus,"Wallaby, western hare",Endangered
Petrogale xanthopus,"Wallaby, yellow-footed rock",Endangered
Delphinapterus leucas,"Whale, beluga [Cook Inlet DPS]",Endangered
Balaenoptera musculus,"Whale, blue",Endangered
Balaena mysticetus,"Whale, bowhead",Endangered
Pseudorca crassidens,"Whale, false killer [Main Hawaiian Islands Insular DPS]",Endangered
Balaenoptera physalus,"Whale, finback",Endangered
Eschrichtius robustus,"Whale, gray [Western North Pacific DPS]",Endangered
Megaptera novaeangliae,"Whale, humpback [Arabian Sea DPS]",Endangered
Megaptera novaeangliae,"Whale, humpback [Cape Verde Islands/Northwest Africa DPS]",Endangered
Megaptera novaeangliae,"Whale, humpback [Central America DPS]",Endangered
Megaptera novaeangliae,"Whale, humpback [Mexico DPS]",Threatened
Megaptera novaeangliae,"Whale, humpback [Western North Pacific DPS]",Endangered
Orcinus orca,"Whale, killer [Southern Resident DPS]",Endangered
Eubalaena glacialis,"Whale, North Atlantic right",Endangered
Eubalaena japonica,"Whale, North Pacific right",Endangered
Balaenoptera borealis,"Whale, sei",Endangered
Eubalaena australis,"Whale, Southern right",Endangered
Physeter catodon (=macrocephalus),"Whale, sperm",Endangered
Canis lupus,"Wolf, gray",Endangered
Canis lupus,"Wolf, gray [MN DPS]",Threatened
Chrysocyon brachyurus,"Wolf, maned",Endangered
Canis lupus baileyi,"Wolf, Mexican",Endangered
Canis lupus baileyi,"Wolf, Mexican",XN
Canis rufus,"Wolf, red",Endangered
Canis rufus,"Wolf, red",XN
Lasiorhinus krefftii(formerly L. barnardi and L. gillespiei ),"Wombat, Queensland hairy-nosed (incl. Barnard's)",Endangered
Neotoma floridana smalli,"Woodrat, Key Largo",Endangered
Neotoma fuscipes riparia,"Woodrat, riparian (San Joaquin Valley)",Endangered
Bos mutus (=grunniens m.),"Yak, wild",Endangered
Equus grevyi,"Zebra, Grevy's",Threatened
Equus zebra hartmannae,"Zebra, Hartmann's mountain",Threatened
Equus zebra zebra,"Zebra, mountain",Endangered
Scientific Name,Common Name,Status
Leptoptilos dubius,"Adjutant, greater",Endangered
Loxops caeruleirostris,Akekee (honeycreeper),Endangered
Loxops coccineus,"Akepa, Hawaii",Endangered
Loxops ochraceus,"Akepa, Maui",Endangered
Hemignathus stejnegeri,"Akialoa, Kauai",Endangered
Hemignathus wilsoni,Akiapolaau,Endangered
Oreomystis bairdi,Akikiki (honeycreeper),Endangered
Diomedea amsterdamensis,"Albatross, Amsterdam",Endangered
Phoebastria (=Diomedea) albatrus,"Albatross, short-tailed",Endangered
Alethe choloensis,"Alethe, Thyolo",Endangered
Grallaria milleri,"Antpitta, brown-banded",Endangered
Formicivora erythronotos,"Antwren, black-hooded",Endangered
Agelaius xanthomus,"Blackbird, yellow-shouldered",Endangered
Colinus virginianus ridgwayi,"Bobwhite, masked (quail)",Endangered
Papasula (=Sula) abbotti,"Booby, Abbott's",Endangered
Dasyornis longirostris (=brachypterus l.),"Bristlebird, western",Endangered
Dasyornis broadbenti littoralis,"Bristlebird, western rufous",Endangered
Hypsipetes borbonicus olivaceus,"Bulbul, Mauritius olivaceous",Endangered
Pyrrhula pyrrhula murina,"Bullfinch, Sao Miguel (finch)",Endangered
Malaconotus alius,"Bush-shrike, Ulugura",Threatened
Xenicus longipes,"Bushwren, New Zealand",Endangered
Ardeotis (=Choriotis) nigriceps,"Bustard, great Indian",Endangered
Pterodroma cahow,Cahow,Endangered
Tetrao urogallus cantabricus,"Capercaillie, Cantabrian",Endangered
Polyborus plancus audubonii,"Caracara, crested, (Audubon's) [FL DPS]",Threatened
Cinclodes aricomae,"Cinclodes, royal",Endangered
Cacatua haematuropygia,"Cockatoo, Philippine",Endangered
Cacatua moluccensis,"Cockatoo, salmon-crested",Threatened
Cacatua alba,"Cockatoo, white",Threatened
Cacatua sulphurea,"Cockatoo, yellow-crested",Endangered
Vultur gryphus,"Condor, Andean",Endangered
Gymnogyps californianus,"Condor, California",Endangered
Gymnogyps californianus,"Condor, California",XN
Fulica americana alai,"Coot, Hawaiian",Endangered
Cotinga maculata,"Cotinga, banded",Endangered
Xipholena atropurpurea,"Cotinga, white-winged",Endangered
Rhinoptilus bitorquatus,"Courser, Jerdon's",Endangered
Grus nigricollis,"Crane, black-necked",Endangered
Grus canadensis nesiotes,"Crane, Cuba sandhill",Endangered
Grus monacha,"Crane, hooded",Endangered
Grus japonensis,"Crane, Japanese",Endangered
Grus canadensis pulla,"Crane, Mississippi sandhill",Endangered
Grus leucogeranus,"Crane, Siberian white",Endangered
Grus vipio,"Crane, white-naped",Endangered
Grus americana,"Crane, whooping",Endangered
Grus americana,"Crane, whooping",XN
Oreomystis mana,"Creeper, Hawaii",Endangered
Paroreomyza flammea,"Creeper, Molokai",Endangered
Paroreomyza maculata,"Creeper, Oahu",Endangered
Corvus hawaiiensis,"Crow, Hawaiian",Endangered
Corvus kubaryi,"Crow, Mariana",Endangered
Corvus leucognaphalus,"Crow, white-necked",Endangered
Coccyzus americanus,"Cuckoo, yellow-billed [Western DPS]",Threatened
Coquus typicus,"Cuckoo-shrike, Mauritius",Endangered
Coquus newtoni,"Cuckoo-shrike, Reunion",Endangered
Crax alberti,"Curassow, blue-billed",Endangered
Mitu mitu mitu,"Curassow, razor-billed",Endangered
Crax blumenbachii,"Curassow, red-billed",Endangered
Pipile pipile pipile,"Curassow, Trinidad white-headed",Endangered
Numenius borealis,"Curlew, Eskimo",Endangered
Numenius tenuirostris,"Curlew, slender-billed",Endangered
Drepanoptila holosericea,"Dove, cloven-feathered",Endangered
Leptotila rufaxilla wellsi,"Dove, Grenada gray-fronted",Endangered
Anas wyvilliana,"Duck, Hawaiian",Endangered
Anas laysanensis,"Duck, Laysan",Endangered
Rhodonessa caryophyllacea,"Duck, pink-headed",Endangered
Cairina scutulata,"Duck, white-winged wood",Endangered
Haliaeetus albicilla groenlandicus,"Eagle, Greenland white-tailed",Endangered
Harpia harpyja,"Eagle, harpy",Endangered
Haliaeetus vociferoides,"Eagle, Madagascar sea",Endangered
Eutriorchis astur,"Eagle, Madagascar serpent",Endangered
Pithecophaga jefferyi,"Eagle, Philippine",Endangered
Aquila heliaca adalberti,"Eagle, Spanish imperial",Endangered
Egretta eulophotes,"Egret, Chinese",Endangered
Somateria fischeri,"Eider, spectacled",Threatened
Polysticta stelleri,"Eider, Steller's [AK Breeding DPS]",Threatened
Chasiempis ibidis,"Elepaio, Oahu",Endangered
Falco peregrinus peregrinus,"Falcon, Eurasian peregrine",Endangered
Falco femoralis septentrionalis,"Falcon, northern aplomado",Endangered
Falco femoralis septentrionalis,"Falcon, northern aplomado",XN
Telespyza cantans,"Finch, Laysan (honeycreeper)",Endangered
Telespyza ultima,"Finch, Nihoa (honeycreeper)",Endangered
Pyriglena atra,"Fire-eye, fringed-backed",Endangered
Phoenicoparrus andinus,"Flamingo, Andean",Endangered
Empidonax euleri johnstonei,"Flycatcher, Euler's",Endangered
Terpsiphone corvina,"Flycatcher, Seychelles paradise",Endangered
Empidonax traillii extimus,"Flycatcher, southwestern willow",Endangered
Pomarea nigra,"Flycatcher, Tahiti",Endangered
Foudia rubra,"Fody, Mauritius",Endangered
Foudia flavicans,"Fody, Rodrigues",Endangered
Foudia sechellarum,"Fody, Seychelles (weaver-finch)",Endangered
Francolinus ochropectus,"Francolin, Djibouti",Endangered
Fregata andrewsi,"Frigatebird, Andrew's",Endangered
Gallinula chloropus (=galeata) sandvicensis,"Gallinule, Hawaiian common (Alae ula)",Endangered
Polioptila californica californica,"Gnatcatcher, coastal California",Threatened
Branta (=Nesochen) sandvicensis,"Goose, Hawaiian",Endangered
Accipiter fasciatus natalis,"Goshawk, Christmas Island",Endangered
Accipiter gentilis laingi,"Goshawk, Queen Charlotte [British Columbia DPS]",Threatened
Quisicalus palustris,"Grackle, slender-billed",Endangered
Amytornis goyderi,"Grasswren, Eyrean (flycatcher)",Endangered
Tachybaptus rufoflavatus,"Grebe, Alaotra",Endangered
Podilymbus gigas,"Grebe, Atitlan",Endangered
Podiceps taczanowskii,"Grebe, Junín",Endangered
Tringa guttifer,"Greenshank, Nordmann's",Endangered
Neomorphus geoffroyi dulcis,"Ground-cuckoo, southeastern rufous-vented",Endangered
Gallicolumba stairi,"Ground-dove, friendly (= tuaimeo) (American Samoa DPS)",Endangered
Penelope perspicax,"Guan, cauca",Endangered
Oreophasis derbianus,"Guan, horned",Endangered
Penelope albipennis,"Guan, white-winged",Endangered
Agelastes meleagrides,"Guineafowl, white-breasted",Threatened
Larus audouinii,"Gull, Audouin's",Endangered
Larus relictus,"Gull, relict",Endangered
Buteo galapagoensis,"Hawk, Galapagos",Endangered
Buteo solitarius,"Hawk, Hawaiian",Endangered
Buteo platypterus brunnescens,"Hawk, Puerto Rican broad-winged",Endangered
Accipiter striatus venator,"Hawk, Puerto Rican sharp-shinned",Endangered
Ramphodon (=Glaucis) dohrnii,"Hermit, hook-billed (hummingbird)",Endangered
Phaethornis malaris margarettae,"Hermit, Margaretta's",Endangered
Palmeria dolei,"Honeycreeper, crested (Akohekohe)",Endangered
Lichenostomus melanops cassidix (=Meliphaga c.),"Honeyeater, helmeted",Endangered
Buceros (=Rhinoplax) vigil,"Hornbill, helmeted",Endangered
Amazilia luciae,"Hummingbird, Honduran emerald",Endangered
Pseudibis gigantea,"Ibis, giant",Endangered
Nipponia nippon,"Ibis, Japanese crested",Endangered
Geronticus eremita,"Ibis, northern bald",Endangered
Drepanis coccinea,Iiwi (honeycreeper),Threatened
Rhynochetos jubatus,Kagu,Endangered
Strigops habroptilus,Kakapo,Endangered
Falco punctatus,"Kestrel, Mauritius",Endangered
Falco araea,"Kestrel, Seychelles",Endangered
Halcyon cinnamomina cinnamomina,"Kingfisher, Guam Micronesian",Endangered
Chondrohierax uncinatus wilsonii,"Kite, Cuba hook-billed",Endangered
Chondrohierax uncinatus mirus,"Kite, Grenada hook-billed",Endangered
Rostrhamus sociabilis plumbeus,"Kite, snail (Everglade)",Endangered
Calidris canutus rufa,"Knot, rufa red",Threatened
Callaeas cinerea,Kokako (wattlebird),Endangered
Alauda razae,"Lark, Raso",Endangered
Eremophila alpestris strigata,"Lark, streaked horned",Threatened
Ara glaucogularis,"Macaw, blue-throated",Endangered
Anodorhynchus glaucus,"Macaw, glaucous",Endangered
Ara ambiguus,"Macaw, great green",Endangered
Anodorhynchus hyacinthinus,"Macaw, hyacinth",Threatened
Anodorhynchus leari,"Macaw, indigo",Endangered
Cyanopsitta spixii,"Macaw, little blue",Endangered
Ara militaris,"Macaw, military",Endangered
Copsychus sechellarum,"Magpie-robin, Seychelles (thrush)",Endangered
Malimbus ibadanensis,"Malimbe, Ibadan",Endangered
Phaenicophaeus pyrrhocephalus,"Malkoha, red-faced (cuckoo)",Endangered
Gymnomyza samoensis,Mao (= maomao) (honeyeater),Endangered
Macrocephalon maleo,"Megapode, Maleo",Endangered
Megapodius laperouse,"Megapode, Micronesian (=La Perouse's)",Endangered
Mergus octosetaceus,"Merganser, Brazilian",Endangered
Acrocephalus familiaris kingi,"Millerbird, Nihoa (old world warbler)",Endangered
Mimus Graysoni,"Mockingbird, Socorro",Endangered
Gallinula chloropus guami,"Moorhen, Mariana common",Endangered
Brachyramphus marmoratus,"Murrelet, marbled [CA, OR, WA DPS]",Threatened
Caprimulgus noctitherus,"Nightjar, Puerto Rican",Endangered
Hemignathus hanapepe,"Nukupuu, Kauai",Endangered
Hemignathus affinis,"Nukupuu, Maui",Endangered
Sitta ledanti,"Nuthatch, Algerian",Endangered
Moho braccatus,"`O`o, Kauai (honeyeater)",Endangered
Struthio camelus syriacus,"Ostrich, Arabian",Endangered
Struthio camelus spatzi,"Ostrich, West African",Endangered
Psittirostra psittacea,`O`u (honeycreeper),Endangered
Otus rutilus capnodes,"Owl, Anjouan scops",Endangered
Mimizuku (=Otus) gurneyi,"Owl, giant scops",Endangered
Tyto soumagnei,"Owl, Madagascar red",Endangered
Strix occidentalis lucida,"Owl, Mexican spotted",Threatened
Strix occidentalis caurina,"Owl, northern spotted",Threatened
Otus magicus (=insularis) insularis,"Owl, Seychelles scops",Endangered
Otus ireneae,"Owlet, Morden's",Endangered
Haematopus meadewaldoi,"Oystercatcher, Canarian black",Endangered
Loxioides bailleui,Palila (honeycreeper),Endangered
Eutrichomyias rowleyi,"Paradise-flycatcher, caerulean",Endangered
Pyrrhura cruentata,"Parakeet, blue-throated (=ochre-marked)",Endangered
Cyanoramphus auriceps forbesi,"Parakeet, Forbes'",Endangered
Aratinga guarouba,"Parakeet, golden",Endangered
Psephotus chrysopterygius,"Parakeet, golden-shouldered",Endangered
Psittacula echo,"Parakeet, Mauritius",Endangered
Cyanoramphus cookii (=novaezelandiae c.),"Parakeet, Norfolk Island",Endangered
Neophema chrysogaster,"Parakeet, orange-bellied",Endangered
Psephotus pulcherrimus,"Parakeet, paradise",Endangered
Amazona leucocephala,"Parrot, Bahaman or Cuban",Endangered
Pezoporus wallicus,"Parrot, ground",Endangered
Amazona imperialis,"Parrot, imperial",Endangered
Geopsittacus occidentalis,"Parrot, night (=Australian)",Endangered
Amazona vittata,"Parrot, Puerto Rican",Endangered
Amazona rhodocorytha,"Parrot, red-browed",Endangered
Pionopsitta pileata,"Parrot, red-capped",Endangered
Amazona arausiaca,"Parrot, red-necked",Endangered
Amazona pretrei pretrei,"Parrot, red-spectacled",Endangered
Amazona brasiliensis,"Parrot, red-tailed",Endangered
Coracopsis nigra barklyi,"Parrot, Seychelles lesser vasa",Endangered
Amazona guildingii,"Parrot, St. Vincent",Endangered
Amazona versicolor,"Parrot, St. Lucia",Endangered
Rhynchopsitta pachyrhyncha,"Parrot, thick-billed",Endangered
Amazona vinacea,"Parrot, vinaceous-breasted",Endangered
Amazona collaria,"Parrot, yellow-billed",Threatened
Pseudonestor xanthophrys,"Parrotbill, Maui (Kiwikiu)",Endangered
Spheniscus demersus,"Penguin, African",Endangered
Eudyptes sclateri,"Penguin, erect-crested",Threatened
Eudyptes pachyrhynchus,"Penguin, Fiordland crested",Threatened
Spheniscus mendiculus,"Penguin, Galapagos",Endangered
Spheniscus humboldti,"Penguin, Humboldt",Threatened
Eudyptes chrysocome,"Penguin, southern rockhopper [New Zealand-Australia DPS]",Threatened
Eudyptula minor albosignata,"Penguin, white-flippered",Threatened
Megadyptes antipodes,"Penguin, yellow-eyed",Threatened
Pterodroma axillaris,"Petrel, Chatham",Endangered
Pseudobulweria macgillivrayi,"Petrel, Fiji",Endangered
Pterodroma phaeopygia,"Petrel, Galapagos",Threatened
Pterodroma sandwichensis,"Petrel, Hawaiian",Endangered
Pterodroma madeira,"Petrel, Madeira",Endangered
Pterodroma magentae,"Petrel, magenta",Endangered
Pterodroma aterrima,"Petrel, Mascarene black",Endangered
Syrmaticus humaie,"Pheasant, bar-tailed",Endangered
Tragopan blythii,"Pheasant, Blyth's tragopan",Endangered
Crossoptilon mantchuricum,"Pheasant, brown eared",Endangered
Tragopan caboti,"Pheasant, Cabot's tragopan",Endangered
Catreus wallichii,"Pheasant, cheer",Endangered
Lophophorus lhuysii,"Pheasant, Chinese monal",Endangered
Lophura edwardsi,"Pheasant, Edward's",Endangered
Syrmaticus ellioti,"Pheasant, Elliot's",Endangered
Lophura imperialis,"Pheasant, imperial",Endangered
Syrmaticus mikado,"Pheasant, Mikado",Endangered
Polyplectron emphanum,"Pheasant, Palawan peacock",Endangered
Lophophorus sclateri,"Pheasant, Sclater's monal",Endangered
Lophura swinhoii,"Pheasant, Swinhoe's",Endangered
Tragopan melanocephalus,"Pheasant, western tragopan",Endangered
Crossoptilon crossoptilon,"Pheasant, white eared",Endangered
Columba palumbus azorica,"Pigeon, Azores wood",Endangered
Hemiphaga novaeseelandiae chathamensis,"Pigeon, Chatham Island",Endangered
Ducula galeata,"Pigeon, Marquesan imperial",Endangered
Ducula mindorensis,"Pigeon, Mindoro imperial (=zone-tailed)",Endangered
Columba mayeri,"Pigeon, pink",Endangered
Columba inornata wetmorei,"Pigeon, Puerto Rican plain",Endangered
Columba junoniae,"Pigeon, white-tailed laurel",Threatened
Pipile jacutinga,"Piping-guan, black-fronted",Endangered
Pitta gurneyi,"Pitta, Gurney's",Endangered
Pitta kochi,"Pitta, Koch's",Endangered
Phytotoma raimondii,"Plantcutter, Peruvian",Endangered
Thinornis novaeseelandiae,"Plover, New Zealand shore",Endangered
Charadrius melodus,"Plover, piping [Great Lakes watershed DPS]",Endangered
Charadrius melodus,"Plover, piping [Atlantic Coast and Northern Great Plains populations]",Threatened
Charadrius alexandrinus nivosus,"Plover, western snowy [Pacific Coast population DPS]",Threatened
Aythya innotata,"Pochard, Madagascar",Endangered
Melamprosops phaeosoma,Po`ouli (honeycreeper),Endangered
Tympanuchus cupido attwateri,"Prairie-chicken, Attwater's greater",Endangered
Eriocnemis nigrivestis,"Puffleg, black-breasted",Endangered
Cyrtonyx montezumae merriami,"Quail, Merriam's Montezuma",Endangered
Pharomachrus mocinno,"Quetzel, resplendent",Endangered
Rallus pectoralis muelleri,"Rail, Aukland Island",Endangered
Rallus longirostris obsoletus,"Rail, California clapper",Endangered
Rallus owstoni,"Rail, Guam",Endangered
Rallus owstoni,"Rail, Guam",XN
Laterallus tuerosi,"Rail, Junín",Endangered
Rallus longirostris levipes,"Rail, light-footed clapper",Endangered
Gallirallus (=Tricholimnas) sylvestris,"Rail, Lord Howe wood",Endangered
Rallus longirostris yumanensis,"Rail, Yuma clapper",Endangered
Rhea (=Pterocnemia) pennata,"Rhea, lesser (incl. Darwin's)",Endangered
Petroica traversi,"Robin, Chatham Island",Endangered
Arcanator orostruthus,"Robin, dappled mountain",Threatened
Petroica multicolor multicolor,"Robin, scarlet-breasted (flycatcher)",Endangered
Picathartes oreas,"Rockfowl, grey-necked",Endangered
Picathartes gymnocephalus,"Rockfowl, white-necked",Endangered
Uratelornis chimaera,"Roller, long-tailed ground",Endangered
Centrocercus minimus,"Sage-grouse, Gunnison",Threatened
Atrichornis clamosus,"Scrub-bird, noisy",Endangered
Aphelocoma coerulescens,"Scrub-jay, Florida",Threatened
Copsychus niger cebuensis,"Shama, Cebu black (thrush)",Endangered
Puffinus heinrothi,"Shearwater, Heinroth's",Threatened
Puffinus auricularis newelli,"Shearwater, Newell's Townsend's",Threatened
Lanius ludovicianus mearnsi,"Shrike, San Clemente loggerhead",Endangered
Carduelis cucullata,"Siskin, red",Endangered
Ammodramus maritimus mirabilis,"Sparrow, Cape Sable seaside",Endangered
Ammodramus savannarum floridanus,"Sparrow, Florida grasshopper",Endangered
Amphispiza belli clementeae,"Sparrow, San Clemente sage",Threatened
Accipiter francesii pusillus,"Sparrowhawk, Anjouan Island",Endangered
Aplonis pelzelni,"Starling, Ponape mountain",Endangered
Leucopsar rothschildi,"Starling, Rothschild's (myna)",Endangered
Himantopus novaezelandiae,"Stilt, black",Endangered
Himantopus mexicanus (=himantopus) knudseni,"Stilt, Hawaiian",Endangered
Ciconia boyciana (=ciconia b.),"Stork, oriental white",Endangered
Mycteria americana,"Stork, wood [Southeast U.S. DPS]",Threatened
Oceanodroma castro,"Storm-petrel, band-rumped (Hawaii DPS)",Endangered
Nectarinia prigoginei,"Sunbird, Marungu",Endangered
Aerodramus vanikorensis bartschi,"Swiftlet, Mariana gray",Endangered
Nemosia rourei,"Tanager, cherry-throated",Endangered
Anas aucklandica nesiotis,"Teal, Campbell Island flightless",Endangered
Sterna antillarum browni,"Tern, California least",Endangered
,,
Sterna antillarum,"Tern, least [Interior DPS]",Endangered
Sterna dougallii dougallii,"Tern, roseate [Northeast U.S. nesting population DPS]",Endangered
Sterna dougallii dougallii,"Tern, roseate [Western Hemisphere DPS]",Threatened
Trichocichla rufa,"Thicketbird, long-legged",Endangered
Ramphocinclus brachyurus,"Thrasher, white-breasted",Endangered
Myadestes myadestinus,"Thrush, large Kauai",Endangered
Myadestes lanaiensis rutha,"Thrush, Molokai",Endangered
Turnagra capensis,"Thrush, New Zealand (wattlebird)",Endangered
Myadestes palmeri,"Thrush, small Kauai",Endangered
Cichlherminia lherminieri sanctaeluciae,"Thrush, St. Lucia forest",Endangered
Turdus olivaceous helleri,"Thrush, Taita",Endangered
Tinamus solitarius,"Tinamou, solitary",Endangered
Leptasthenura xenothorax,"Tit-spinetail, white-browed",Endangered
Anairetes alpinus,"Tit-tyrant, ash-breasted",Endangered
Hemitriccus kaempferi,"Tody-tyrant, Kaempfer's",Endangered
Pipilo crissalis eremophilus,"Towhee, Inyo California",Threatened
Camarhynchus pauper,"Tree-finch, medium",Endangered
Cinclocerthia ruficauda gutturalis,"Trembler, Martinique (thrasher)",Endangered
Tauraco bannermani,"Turaco, Bannerman's",Endangered
Streptopelia picturata rostrata,"Turtle-dove, Seychelles",Endangered
Xenopirostris polleni,"Vanga, Pollen's",Threatened
Xenopirostris damii,"Vanga, Van Dam's",Threatened
Vireo bellii pusillus,"Vireo, least Bell's",Endangered
Pedionomous torquatus,"Wanderer, plain (collared-hemipode)",Endangered
Nesillas aldabranus,"Warbler, Aldabra (old world warbler)",Endangered
Vermivora bachmanii,"Warbler (wood), Bachman's",Endangered
Dendroica petechia petechia,"Warbler (wood), Barbados yellow",Endangered
Setophaga angelae,"Warbler, elfin-woods",Threatened
Dendroica chrysoparia,"Warbler (wood), golden-cheeked",Endangered
Dendroica kirtlandii,"Warbler (wood), Kirtland's",Endangered
Acrocephalus percernis aquilonis,"Warbler, Eiao Marquesas reed-",Endangered
Acrocephalus luscinia,"Warbler, nightingale reed, (old world warbler)",Endangered
Bebrornis rodericanus,"Warbler, Rodrigues (old world warbler)",Endangered
Leucopeza semperi,"Warbler (wood), Semper's",Endangered
Bebrornis sechellensis,"Warbler, Seychelles (old world warbler)",Endangered
Platysteira laticincta,"Wattle-eye, banded",Endangered
Ploceus golandi,"Weaver, Clarke's",Endangered
Psophodes nigrogularis,"Whipbird, western",Endangered
Zosterops conspicillatus conspicillatus,"White-eye, bridled",Endangered
Zosterops albogularis,"White-eye, Norfolk Island",Endangered
Rukia longirostra,"White-eye, Ponape greater",Endangered
Zosterops rotensis,"White-eye, Rota bridled",Endangered
Zosterops modesta,"White-eye, Seychelles",Endangered
Campephilus imperialis,"Woodpecker, imperial",Endangered
Campephilus principalis,"Woodpecker, ivory-billed",Endangered
Picoides borealis,"Woodpecker, red-cockaded",Endangered
Dryocopus javensis richardsi,"Woodpecker, Tristam's",Endangered
Odontophorus strophium,"Wood-quail, gorgeted",Endangered
Eulidia yarrellii,"Woodstar, Chilean",Endangered
Chaetocercus berlepschi,"Woodstar, Esmeraldas",Endangered
Troglodytes aedon guadeloupensis,"Wren, Guadeloupe house",Endangered
Troglodytes aedon mesoleucus,"Wren, St. Lucia house",Endangered
Scientific Name,Common Name,Status
Alligator mississippiensis,"Alligator, American",Threatened (S/A)
Alligator sinensis,"Alligator, Chinese",Endangered
Anolis roosevelti,"Anole, Culebra Island giant",Endangered
Epicrates subflavus,"Boa, Jamaican",Endangered
Epicrates monensis monensis,"Boa, Mona",Threatened
Epicrates inornatus,"Boa, Puerto Rican",Endangered
Bolyeria multocarinata,"Boa, Round Island (unnamed)",Endangered
Casarea dussumieri,"Boa, Round Island (unnamed)",Endangered
Epicrates monensis granti,"Boa, Virgin Islands tree",Endangered
Caiman crocodilus apaporiensis,"Caiman, Apaporis River",Endangered
Melanosuchus niger,"Caiman, black",Endangered
Caiman latirostris,"Caiman, broad-snouted [Bolivia, Brazil, Paraguay, Uruguay DPS]",Endangered
Caiman latirostris,"Caiman, broad-snouted [Argentina DPS]",Threatened
Caiman crocodilus fuscus (includes Caiman crocodilus chiapasius ),"Caiman, brown",Threatened (S/A)
Caiman crocodilus crocodilus,"Caiman, common",Threatened (S/A)
Caiman yacare,"Caiman, yacare",Threatened
Sauromalus varius,"Chuckwalla, San Esteban Island",Endangered
Osteolaemus tetraspis tetraspis,"Crocodile, African dwarf",Endangered
Crocodylus cataphractus,"Crocodile, African slender-snouted",Endangered
Crocodylus acutus,"Crocodile, American [Non-U.S. populations]",Endangered
Crocodylus acutus,"Crocodile, American [FL DPS]",Threatened
Crocodylus palustris kimbula,"Crocodile, Ceylon mugger",Endangered
Osteolaemus tetraspis osborni,"Crocodile, Congo dwarf",Endangered
Crocodylus rhombifer,"Crocodile, Cuban",Endangered
Crocodylus palustris palustris,"Crocodile, mugger",Endangered
Crocodylus niloticus,"Crocodile, Nile",Threatened
Crocodylus intermedius,"Crocodile, Orinoco",Endangered
Crocodylus novaeguineae mindorensis,"Crocodile, Philippine",Endangered
Crocodylus porosus,"Crocodile, saltwater [All populations except Papua New Guinea and Australia]",Endangered
Crocodylus porosus,"Crocodile, saltwater [Australia DPS]",Threatened
Crocodylus siamensis,"Crocodile, Siamese",Endangered
Thamnophis rufipunctatus,"Gartersnake, narrow-headed",Threatened
Thamnophis eques megalops,"Gartersnake, northern Mexican",Threatened
Gavialis gangeticus,Gavial,Endangered
Phelsuma edwardnewtoni,"Gecko, day",Endangered
Sphaerodactylus micropithecus,"Gecko, Monito",Endangered
Phelsuma guentheri,"Gecko, Round Island day",Endangered
Cyrtodactylus serpensinsula,"Gecko, Serpent Island",Threatened
Cyclura rileyi nuchalis,"Iguana, Acklins ground",Threatened
Cyclura cychlura inornata,"Iguana, Allen's Cay",Threatened
Cyclura cychlura cychlura,"Iguana, Andros Island ground",Threatened
Cyclura pinguis,"Iguana, Anegada ground",Endangered
Conolophus pallidus,"Iguana, Barrington land",Endangered
Cyclura nubila caymanensis,"Iguana, Cayman Brac ground",Threatened
Cyclura nubila nubila,"Iguana, Cuban ground",Threatened
Cyclura cychlura figginsi,"Iguana, Exuma Island",Threatened
Brachylophus fasciatus,"Iguana, Fiji banded",Endangered
Brachylophus vitiensis,"Iguana, Fiji crested",Endangered
Cyclura lewisi,"Iguana, Grand Cayman blue",Endangered
Cyclura collei,"Iguana, Jamaican",Endangered
Cyclura carinata bartschi,"Iguana, Mayaguana",Threatened
Cyclura stejnegeri,"Iguana, Mona ground",Threatened
Cyclura carinata carinata,"Iguana, Turks and Caicos",Threatened
Cyclura rileyi rileyi,"Iguana, Watling Island ground",Endangered
Cyclura rileyi cristata,"Iguana, White Cay ground",Threatened
Gambelia silus,"Lizard, blunt-nosed leopard",Endangered
Uma inornata,"Lizard, Coachella Valley fringe-toed",Threatened
Gallotia simonyi simonyi,"Lizard, Hierro giant",Endangered
Podarcis pityusensis,"Lizard, Ibiza wall",Threatened
Cnemidophorus vanzoi,"Lizard, Maria Island ground",Endangered
Ameiva polops,"Lizard, St. Croix ground",Endangered
Varanus griseus,"Monitor, desert",Endangered
Varanus bengalensis,"Monitor, Indian (=Bengal)",Endangered
Varanus komodoensis,"Monitor, Komodo Island",Endangered
Varanus flavescens,"Monitor, yellow",Endangered
Pituophis melanoleucus lodingi,"Pinesnake, black",Threatened
Pituophis ruthveni,"Pinesnake, Louisiana",Threatened
Python molurus molurus,"Python, Indian",Endangered
Crotalus unicolor,"Rattlesnake, Aruba Island",Threatened
Sistrurus catenatus,"Rattlesnake, eastern massasauga",Threatened
Crotalus willardi obscurus,"Rattlesnake, New Mexican ridge-nosed",Threatened
Aipysurus fuscus,"Sea snake, dusky",Endangered
Chelonia mydas,"Sea turtle, green [Central North Pacific DPS]",Threatened
Chelonia mydas,"Sea turtle, green [Central South Pacific DPS]",Endangered
Chelonia mydas,"Sea turtle, green [Central West Pacific DPS]",Endangered
Chelonia mydas,"Sea turtle, green [East Indian - West Pacific DPS]",Threatened
Chelonia mydas,"Sea turtle, green [East Pacific DPS]",Threatened
Chelonia mydas,"Sea turtle, green [Mediterranean DPS]",Endangered
Chelonia mydas,"Sea turtle, green [North Atlantic DPS]",Threatened
Chelonia mydas,"Sea turtle, green [North Indian DPS]",Threatened
Chelonia mydas,"Sea turtle, green [South Atlantic DPS]",Threatened
Chelonia mydas,"Sea turtle, green [Southwest Indian DPS]",Threatened
Chelonia mydas,"Sea turtle, green [Southwest Pacific DPS]",Threatened
Eretmochelys imbricata,"Sea turtle, hawksbill",Endangered
Lepidochelys kempii,"Sea turtle, Kemp's ridley",Endangered
Dermochelys coriacea,"Sea turtle, leatherback",Endangered
Caretta caretta,"Sea turtle, loggerhead [Mediterranean Sea DPS]",Endangered
Caretta caretta,"Sea turtle, loggerhead [North Indian Ocean DPS]",Endangered
Caretta caretta,"Sea turtle, loggerhead [North Pacific Ocean DPS]",Endangered
Caretta caretta,"Sea turtle, loggerhead [Northeast Atlantic Ocean DPS]",Endangered
Caretta caretta,"Sea turtle, loggerhead [Northwest Atlantic Ocean DPS]",Threatened
Caretta caretta,"Sea turtle, loggerhead [South Atlantic Ocean DPS]",Threatened
Caretta caretta,"Sea turtle, loggerhead [South Pacific Ocean DPS]",Endangered
Caretta caretta,"Sea turtle, loggerhead [Southeast Indo-Pacific Ocean DPS]",Threatened
Caretta caretta,"Sea turtle, loggerhead [Southwest Indian Ocean DPS]",Threatened
Lepidochelys olivacea,"Sea turtle, olive ridley [Pacific coast of Mexico breeding DPS]",Endangered
Lepidochelys olivacea,"Sea turtle, olive ridley",Threatened
Eumeces egregius lividus,"Skink, blue-tail mole",Threatened
Leiolopisma telfairi,"Skink, Round Island",Threatened
Neoseps reynoldsi,"Skink, sand",Threatened
Emoia slevini,"Skink, Slevin's (Gualiik halumtanu, Gholuuf)",Endangered
Nerodia clarkii taeniata,"Snake, Atlantic salt marsh",Threatened
Nerodia erythrogaster neglecta,"Snake, copperbelly water [Northern DPS]",Threatened
Drymarchon corais couperi,"Snake, eastern indigo",Threatened
Thamnophis gigas,"Snake, giant garter",Threatened
Liophus ornatus,"Snake, Maria Island",Endangered
Thamnophis sirtalis tetrataenia,"Snake, San Francisco garter",Endangered
Podocnemis expansa,Tartaruga,Endangered
Batagur baska,"Terrapin, river",Endangered
Tomistoma schlegelii,Tomistoma,Endangered
Geochelone yniphora,"Tortoise, angulated",Endangered
Gopherus flavomarginatus,"Tortoise, Bolson",Endangered
Gopherus agassizii,"Tortoise, desert [Mojave DPS]",Threatened
Gopherus agassizii,"Tortoise, desert",Threatened (S/A)
Geochelone nigra (=elephantopus),"Tortoise, Galapagos",Endangered
Gopherus polyphemus,"Tortoise, gopher [West of Mobile and Tombigbee Rivers DPS]",Threatened
Geochelone radiata,"Tortoise, Madagascar radiated",Endangered
Podocnemis unifilis,Tracaja,Endangered
Sphenodon punctatus,Tuatara,Endangered
Sphenodon guntheri,"Tuatara, Brother's Island",Endangered
Pseudemys alabamensis,"Turtle, Alabama redbellied",Endangered
Terrapene coahuila,"Turtle, aquatic box",Endangered
Trionyx nigricans,"Turtle, black softshell",Endangered
Clemmys muhlenbergii,"Turtle, bog (=Muhlenberg) [Northen DPS]",Threatened
Clemmys muhlenbergii,"Turtle, bog (=Muhlenberg)",Threatened (S/A)
Phrynops hogei,"Turtle, Brazilian sideneck",Endangered
Morenia ocellata,"Turtle, Burmese peacock",Endangered
Trachemys terrapen,"Turtle, Cat Island",Endangered
Dermatemys mawii,"Turtle, Central American river",Endangered
Trionyx ater,"Turtle, Cuatro Cienegas softshell",Endangered
Sternotherus depressus,"Turtle, flattened musk [Black Warrior River DPS]",Threatened
Psammobates geometricus,"Turtle, geometric",Endangered
Trachemys stejnegeri malonei,"Turtle, Inagua Island",Endangered
Kachuga tecta tecta,"Turtle, Indian sawback",Endangered
Trionyx gangeticus,"Turtle, Indian softshell",Endangered
Trionyx hurum,"Turtle, peacock softshell",Endangered
Pseudemys rubriventris bangsi,"Turtle, Plymouth redbelly",Endangered
Graptemys oculifera,"Turtle, ringed map",Threatened
Pseudemydura umbrina,"Turtle, short-necked or western swamp",Endangered
Kinosternon sonoriense longifemorale,"Turtle, Sonoyta mud",Endangered
Trachemys scripta callirostris,"Turtle, South American red-lined",Endangered
Geoclemys hamiltonii,"Turtle, spotted pond",Endangered
Melanochelys tricarinata,"Turtle, three-keeled Asian",Endangered
Graptemys flavimaculata,"Turtle, yellow-blotched map",Threatened
Vipera latifii,"Viper, Lar Valley",Endangered
Masticophis lateralis euryxanthus,"Whipsnake, Alameda (=striped racer)",Threatened
Scientific Name,Common Name,Status
Eleutherodactylus jasperi,"Coqui, golden",Threatened
Eleutherodactylus juanariveroi,"Coqui, llanero",Endangered
Rana draytonii,"Frog, California red-legged",Threatened
Rana chiricahuensis,"Frog, Chiricahua leopard",Threatened
Rana sevosa (= Lithobates sevosus),"Frog, dusky gopher",Endangered
Conraua goliath,"Frog, Goliath",Threatened
Discoglossus nigriventer,"Frog, Israel painted",Endangered
Rana muscosa,"Frog, mountain yellow-legged [Northern California DPS]",Endangered
Rana muscosa,"Frog, mountain yellow-legged [Southern California DPS]",Endangered
Rana pretiosa,"Frog, Oregon spotted",Threatened
Atelopus varius zeteki,"Frog, Panamanian golden",Endangered
Rana sierrae,"Frog, Sierra Nevada yellow-legged",Endangered
Leiopelma hamiltoni,"Frog, Stephen Island",Endangered
Eleutherodactylus cooki,Guajón,Threatened
Cryptobranchus alleganiensis bishopi,"Hellbender, Ozark",Endangered
Eurycea waterlooensis,"Salamander, Austin blind",Endangered
Eurycea sosorum,"Salamander, Barton Springs",Endangered
Ambystoma californiense,"Salamander, California tiger [Santa Barbara County DPS]",Endangered
Ambystoma californiense,"Salamander, California tiger [Central California DPS]",Threatened
,,
Ambystoma californiense,"Salamander, California tiger [Sonoma County DPS]",Endangered
Plethodon nettingi,"Salamander, Cheat Mountain",Threatened
Andrias davidianus (=davidianus d.),"Salamander, Chinese giant",Endangered
Batrachoseps aridus,"Salamander, desert slender",Endangered
Ambystoma cingulatum,"Salamander, frosted flatwoods",Threatened
Eurycea naufragia,"Salamander, Georgetown",Threatened
Andrias japonicus (=davidianus j.),"Salamander, Japanese giant",Endangered
Plethodon neomexicanus,"Salamander, Jemez Mountains",Endangered
Eurycea tonkawae,"Salamander, Jollyville Plateau",Threatened
Phaeognathus hubrichti,"Salamander, Red Hills",Threatened
Ambystoma bishopi,"Salamander, reticulated flatwoods",Endangered
Eurycea chisholmensis,"Salamander, Salado",Threatened
Eurycea nana,"Salamander, San Marcos",Threatened
Ambystoma macrodactylum croceum,"Salamander, Santa Cruz long-toed",Endangered
Plethodon shenandoah,"Salamander, Shenandoah",Endangered
Ambystoma tigrinum stebbinsi,"Salamander, Sonoran tiger",Endangered
Typhlomolge rathbuni,"Salamander, Texas blind",Endangered
Anaxyrus californicus,"Toad, arroyo (=arroyo southwestern)",Endangered
Bufo superciliaris,"Toad, Cameroon",Endangered
Bufo houstonensis,"Toad, Houston",Endangered
Bufo periglenes,"Toad, Monte Verde golden",Endangered
Peltophryne lemur,"Toad, Puerto Rican crested",Threatened
Bufo hemiophrys baxteri,"Toad, Wyoming",Endangered
Anaxyrus canorus,"Toad, Yosemite",Threatened
Nectophrynoidesspp.,"Toads, African viviparous",Endangered
Necturus alabamensis,"Waterdog, Black Warrior",Endangered
Scientific Name,Common Name,Status
Salmo platycephalus,Ala Balik (trout),Endangered
Squatina squatina,"Angelshark, common",Endangered
Squatina aculeata,"Angelshark, sawback",Endangered
Squatina oculata,"Angelshark, smoothback",Endangered
Hymenophysa curta,Ayumodoki (loach),Endangered
Prietella phreatophila,"Blindcat, Mexican (catfish)",Endangered
Sebastes paucispinis,Bocaccio [Puget Sound-Georgia Basin DPS],Endangered
Scleropages formosus,"Bonytongue, Asian",Endangered
Pterapogon kauderni,"Cardinalfish, Banggai",Threatened
Pangasius sanitwongsei,Catfish (Thailand),Endangered
Pangasianodon gigas,"Catfish, Thailand giant",Endangered
Ictalurus pricei,"Catfish, Yaqui",Threatened
Speoplatyrhinus poulsoni,"Cavefish, Alabama",Endangered
Amblyopsis rosae,"Cavefish, Ozark",Threatened
Gila elegans,"Chub, bonytail",Endangered
Gila boraxobius,"Chub, Borax Lake",Endangered
Gila nigrescens,"Chub, Chihuahua",Threatened
Gila intermedia,"Chub, Gila",Endangered
Gila cypha,"Chub, humpback",Endangered
Gila bicolor ssp.,"Chub, Hutton tui",Threatened
Gila bicolor mohavensis,"Chub, Mohave tui",Endangered
Gila bicolor snyderi,"Chub, Owens tui",Endangered
Gila robusta jordani,"Chub, Pahranagat roundtail",Endangered
Erimystax cahni,"Chub, slender",Threatened
Erimystax cahni,"Chub, slender",XN
Gila ditaenia,"Chub, Sonora",Threatened
Erimonax monachus,"Chub, spotfin",Threatened
Erimonax monachus,"Chub, spotfin",XN
Erimonax monachus,"Chub, spotfin",XN
Erimonax monachus,"Chub, spotfin",XN
Gila robusta semidnuda,"Chub, Virgin River",Endangered
Gila purpurea,"Chub, Yaqui",Endangered
Acanthorutilus handlirschi,Cicek (minnow),Endangered
Latimeria chalumnae,"Coelacanth, African [Tanzanian DPS]",Threatened
Chasmistes cujus,Cui-ui,Endangered
Rhinichthys osculus nevadensis,"Dace, Ash Meadows speckled",Endangered
"Phoxinus (=Chrosomus), cumberlandensis","Dace, blackside",Threatened
Rhinichthys osculus oligoporus,"Dace, Clover Valley speckled",Endangered
Eremichthys acros,"Dace, desert",Threatened
Rhinichthys osculus ssp.,"Dace, Foskett speckled",Threatened
Rhinichthys osculus lethoporus,"Dace, Independence Valley speckled",Endangered
Rhinichthys osculus thermalis,"Dace, Kendall Warm Springs",Endangered
Chrosomus saylori,"Dace, laurel",Endangered
Moapa coriacea,"Dace, Moapa",Endangered
Percina antesella,"Darter, amber",Endangered
Etheostoma rubrum,"Darter, bayou",Threatened
Etheostoma akatulo,"Darter, bluemask",Endangered
Etheostoma wapiti,"Darter, boulder",Endangered
Etheostoma wapiti,"Darter, boulder",XN
Etheostoma osburni,"Darter, candy",Endangered
Etheostoma scotti,"Darter, Cherokee",Threatened
Etheostoma susanae,"Darter, Cumberland",Endangered
Crystallaria cincotta,"Darter, diamond",Endangered
Etheostoma percnurum,"Darter, duskytail",Endangered
Etheostoma percnurum,"Darter, duskytail",XN
Etheostoma percnurum,"Darter, duskytail",XN
Etheostoma etowahae,"Darter, Etowah",Endangered
Etheostoma fonticola,"Darter, fountain",Endangered
Percina aurolineata,"Darter, goldline",Threatened
Etheostoma spilotum,"Darter, Kentucky arrow",Threatened
Percina pantherina,"Darter, leopard",Threatened
Etheostoma sellare,"Darter, Maryland",Endangered
Etheostoma nianguae,"Darter, Niangua",Threatened
Etheostoma okaloosae,"Darter, Okaloosa",Threatened
Percina aurora,"Darter, Pearl",Threatened
Etheostoma chienense,"Darter, relict",Endangered
Etheostoma phytophilum,"Darter, rush",Endangered
Etheostoma boschungi,"Darter, slackwater",Threatened
Percina tanasi,"Darter, snail",Threatened
Etheostoma chermocki,"Darter, vermilion",Endangered
Etheostoma nuchale,"Darter, watercress",Endangered
Etheostoma moorei,"Darter, yellowcheek",Endangered
Thaleichthys pacificus,Eulachon [Southern DPS],Threatened
Gambusia gaigei,"Gambusia, Big Bend",Endangered
Gambusia heterochir,"Gambusia, Clear Creek",Endangered
Gambusia nobilis,"Gambusia, Pecos",Endangered
Gambusia georgei,"Gambusia, San Marcos",Endangered
Eucyclogobius newberryi,"Goby, tidewater",Endangered
Epinephelus striatus,"Grouper, Nassau",Threatened
Percina jenkinsi,"Logperch, Conasauga",Endangered
Percina rex,"Logperch, Roanoke",Endangered
Noturus crypticus,"Madtom, Chucky",Endangered
Noturus placidus,"Madtom, Neosho",Threatened
Noturus stanauli,"Madtom, pygmy",Endangered
Noturus stanauli,"Madtom, pygmy",XN
Noturus trautmani,"Madtom, Scioto",Endangered
Noturus baileyi,"Madtom, smoky",Endangered
Noturus baileyi,"Madtom, smoky",XN
Noturus flavipinnis,"Madtom, yellowfin",Threatened
Noturus flavipinnis,"Madtom, yellowfin",XN
Noturus flavipinnis,"Madtom, yellowfin",XN
Noturus flavipinnis,"Madtom, yellowfin",XN
Dionda diaboli,"Minnow, Devils River",Threatened
Rhinichthys cobitis (synonym Tiaroga cobilis),"Minnow, loach",Endangered
Hybognathus amarus,"Minnow, Rio Grande silvery",Endangered
Hybognathus amarus,"Minnow, Rio Grande silvery",XN
Coreobagrus ichikawai,Nekogigi (catfish),Endangered
Ptychocheilus lucius,"Pikeminnow, Colorado",Endangered
Ptychocheilus lucius,"Pikeminnow, Colorado",XN
Empetrichthys latos,"Poolfish, Pahrump",Endangered
Cyprinodon nevadensis mionectes,"Pupfish, Ash Meadows Amargosa",Endangered
Cyprinodon elegans,"Pupfish, Comanche Springs",Endangered
Cyprinodon macularius,"Pupfish, desert",Endangered
Cyprinodon diabolis,"Pupfish, Devils Hole",Endangered
Cyprinodon bovinus,"Pupfish, Leon Springs",Endangered
Cyprinodon radiosus,"Pupfish, Owens",Endangered
Cyprinodon nevadensis pectoralis,"Pupfish, Warm Springs",Endangered
Sebastes pinniger,"Rockfish, canary [Puget Sound-Georgia Basin DPS]",Threatened
Sebastes ruberrimus,"Rockfish, yelloweye [Puget Sound-Georgia Basin DPS]",Threatened
Salmo salar,"Salmon, Atlantic [Gulf of Maine DPS]",Endangered
Oncorhynchus tshawytscha,"Salmon, Chinook [California Coastal ESU]",Threatened
Oncorhynchus tshawytscha,"Salmon, Chinook [Central Valley spring-run ESU]",Threatened
Oncorhynchus tshawytscha,"Salmon, Chinook [Central Valley spring-run ESU - XN]",XN
Oncorhynchus tshawytscha,"Salmon, Chinook [Lower Columbia River ESU]",Threatened
Oncorhynchus tshawytscha,"Salmon, Chinook [Puget Sound ESU]",Threatened
Oncorhynchus tshawytscha,"Salmon, Chinook [Sacramento River winter-run ESU]",Endangered
Oncorhynchus tshawytscha,"Salmon, Chinook [Snake River fall-run ESU]",Threatened
Oncorhynchus tshawytscha,"Salmon, Chinook [Snake River spring/summer-run ESU]",Threatened
Oncorhynchus tshawytscha,"Salmon, Chinook [Upper Columbia River spring-run ESU]",Endangered
Oncorhynchus tshawytscha,"Salmon, Chinook [Upper Columbia River spring-run ESU-XN]",XN
Oncorhynchus tshawytscha,"Salmon, Chinook [Upper Willamette River ESU]",Threatened
Oncorhynchus keta,"Salmon, chum [Columbia River ESU]",Threatened
Oncorhynchus keta,"Salmon, chum [Hood Canal summer-run ESU]",Threatened
Oncorhynchus kisutch,"Salmon, coho [Central California Coast ESU]",Endangered
Oncorhynchus kisutch,"Salmon, coho [Lower Columbia River ESU]",Threatened
Oncorhynchus kisutch,"Salmon, coho [Oregon Coast ESU]",Threatened
Oncorhynchus kisutch,"Salmon, coho [Southern Oregon-Northern California Coast ESU]",Threatened
Oncorhynchus nerka,"Salmon, sockeye [Ozette Lake ESU]",Threatened
Oncorhynchus nerka,"Salmon, sockeye [Snake River ESU]",Endangered
Pristis clavata,"Sawfish, dwarf",Endangered
Pristis zijsron,"Sawfish, green",Endangered
"Pristis pristis(formerly Pristis perotteti, Pristis pristis, and Pristis microdon)","Sawfish, largetooth",Endangered
Anoxypristis cuspidata,"Sawfish, narrow",Endangered
Pristis pectinata,"Sawfish, smalltooth [Non-U.S. DPS]",Endangered
Pristis pectinata,"Sawfish, smalltooth [U.S. DPS]",Endangered
Cottus specus,"Sculpin, grotto",Endangered
Cottus pygmaeus,"Sculpin, pygmy",Threatened
Sphyrna lewini,"Shark, scalloped hammerhead [Central & SW Atlantic DPS]",Threatened
Sphyrna lewini,"Shark, scalloped hammerhead [Eastern Atlantic DPS]",Endangered
Sphyrna lewini,"Shark, scalloped hammerhead [Eastern Pacific DPS]",Endangered
Sphyrna lewini,"Shark, scalloped hammerhead [Indo-West Pacific DPS]",Threatened
Notropis girardi,"Shiner, Arkansas River [Arkansas River Basin DPS]",Threatened
Cyprinella formosa,"Shiner, beautiful",Threatened
Cyprinella caerulea,"Shiner, blue",Threatened
Notropis cahabae,"Shiner, Cahaba",Endangered
Notropis mekistocholas,"Shiner, Cape Fear",Endangered
Notropis albizonatus.,"Shiner, palezone",Endangered
Notropis simus pecosensis,"Shiner, Pecos bluntnose",Threatened
Notropis oxyrhynchus,"Shiner, sharpnose",Endangered
Notropis buccula,"Shiner, smalleye",Endangered
Notropis topeka,"Shiner, Topeka",Endangered
Notropis topeka,"Shiner, Topeka",XN
Menidia extensa,"Silverside, Waccamaw",Threatened
Hypomesus transpacificus,"Smelt, delta",Threatened
Meda fulgida,Spikedace,Endangered
Lepidomeda mollispinis pratensis,"Spinedace, Big Spring",Threatened
Lepidomeda vittata,"Spinedace, Little Colorado",Threatened
Lepidomeda albivallis,"Spinedace, White River",Endangered
Crenichthys baileyi grandis,"Springfish, Hiko White River",Endangered
Crenichthys nevadae,"Springfish, Railroad Valley",Threatened
Crenichthys baileyi baileyi,"Springfish, White River",Endangered
Oncorhynchus mykiss,Steelhead [California Central Valley DPS],Threatened
Oncorhynchus mykiss,Steelhead [Central California Coast DPS],Threatened
Oncorhynchus mykiss,Steelhead [Lower Columbia River DPS],Threatened
Oncorhynchus mykiss,Steelhead [Middle Columbia River DPS],Threatened
Oncorhynchus mykiss,Steelhead [Middle Columbia River DPS - XN],XN
Oncorhynchus mykiss,Steelhead [Northern California DPS],Threatened
Oncorhynchus mykiss,Steelhead [Puget Sound DPS],Threatened
Oncorhynchus mykiss,Steelhead [Snake River Basin DPS],Threatened
Oncorhynchus mykiss,Steelhead [South Central California Coast DPS],Threatened
Oncorhynchus mykiss,Steelhead [Southern California DPS],Endangered
Oncorhynchus mykiss,Steelhead [Upper Columbia River DPS],Threatened
Oncorhynchus mykiss,Steelhead [Upper Willamette River DPS],Threatened
Gasterosteus aculeatus williamsoni,"Stickleback, unarmored threespine",Endangered
Acipenser naccarii,"Sturgeon, Adriatic",Endangered
Scaphirhynchus suttkusi,"Sturgeon, Alabama",Endangered
Acipenser oxyrinchus oxyrinchus,"Sturgeon, Atlantic (Atlantic subspecies)[Carolina DPS]",Endangered
Acipenser oxyrinchus oxyrinchus,"Sturgeon, Atlantic (Atlantic subspecies)[Chesapeake Bay DPS]",Endangered
Acipenser oxyrinchus oxyrinchus,"Sturgeon, Atlantic (Atlantic subspecies)[Gulf of Maine DPS]",Threatened
Acipenser oxyrinchus oxyrinchus,"Sturgeon, Atlantic (Atlantic subspecies)[New York Bight DPS]",Endangered
Acipenser oxyrinchus oxyrinchus,"Sturgeon, Atlantic (Atlantic subspecies)[South Atlantic DPS]",Endangered
Acipenser oxyrinchus desotoi,"Sturgeon, Atlantic (Gulf subspecies)",Threatened
Huso huso,"Sturgeon, beluga",Threatened
Acipenser sinensis,"Sturgeon, Chinese",Endangered
Acipenser sturio,"Sturgeon, European",Endangered
Acipenser medirostris,"Sturgeon, green [Southern DPS]",Threatened
Huso dauricus,"Sturgeon, Kaluga",Endangered
Scaphirhynchus albus,"Sturgeon, pallid",Endangered
Acipenser mikadoi,"Sturgeon, Sakhalin",Endangered
Acipenser brevirostrum,"Sturgeon, shortnose",Endangered
Scaphirhynchus platorynchus,"Sturgeon, shovelnose",Threatened (S/A)
Acipenser transmontanus,"Sturgeon, white [Kootenai River DPS]",Endangered
Chasmistes liorus,"Sucker, June",Endangered
Deltistes luxatus,"Sucker, Lost River",Endangered
Xyrauchen texanus,"Sucker, razorback",Endangered
Catostomus santaanae,"Sucker, Santa Ana [Three CA river basins DPS]",Threatened
Chasmistes brevirostris,"Sucker, shortnose",Endangered
Catostomus warnerensis,"Sucker, Warner",Threatened
Catostomus discobolus yarrowi,"Sucker, Zuni bluehead",Endangered
Elassoma alabamae,"Sunfish, spring pygmy",Threatened
Tanakia tanago,"Tango, Miyako (Tokyo bitterling)",Endangered
Probarbus jullieni,"Temoleh, Ikan (minnow)",Endangered
Poeciliopsis occidentalis,"Topminnow, Gila (incl. Yaqui)",Endangered
Cynoscion macdonaldi,Totoaba (seatrout or weakfish),Endangered
Oncorhynchus apache,"Trout, Apache",Threatened
Salvelinus confluentus,"Trout, bull [Lower 48 States DPS]",Threatened
Salvelinus confluentus,"Trout, bull",XN
Oncorhynchus gilae,"Trout, Gila",Threatened
Oncorhynchus clarkii stomias,"Trout, greenback cutthroat",Threatened
Oncorhynchus clarkii henshawi,"Trout, Lahontan cutthroat",Threatened
Oncorhynchus aguabonita whitei,"Trout, Little Kern golden",Threatened
Oncorhynchus clarkii seleniris,"Trout, Paiute cutthroat",Threatened
Plagopterus argentissimus,Woundfin,Endangered
Plagopterus argentissimus,Woundfin,XN
Scientific Name,Common Name,Status
Epioblasma othcaloogensis,"Acornshell, southern",Endangered
Elliptoideus sloatianus,"Bankclimber, purple",Threatened
Villosa choctawensis,"Bean, Choctaw",Endangered
Villosa trabalis,"Bean, Cumberland",Endangered
Villosa trabalis,"Bean, Cumberland",XN
Villosa trabalis,"Bean, Cumberland",XN
Villosa perpurpurea,"Bean, Purple",Endangered
Epioblasma torulosa gubernaculum,"Blossom, green",Endangered
Epioblasma torulosa torulosa,"Blossom, tubercled",Endangered
Epioblasma torulosa torulosa,"Blossom, tubercled",XN
Epioblasma turgidula,"Blossom, turgid",Endangered
Epioblasma turgidula,"Blossom, turgid",XN
Epioblasma florentina florentina,"Blossom, yellow",Endangered
Epioblasma florentina florentina,"Blossom, yellow",XN
Epioblasma obliquata obliquata,Purple cat's paw (pearlymussel),Endangered
Epioblasma obliquata obliquata,Purple cat's paw (pearlymussel),XN
Epioblasma obliquata perobliqua,"Catspaw, white (pearlymussel)",Endangered
Pleurobema clava,Clubshell,Endangered
Pleurobema clava,Clubshell,XN
Pleurobema curtum,"Clubshell, black",Endangered
Pleurobema perovatum,"Clubshell, ovate",Endangered
Pleurobema decisum,"Clubshell, southern",Endangered
Epioblasma brevidens,"Combshell, Cumberlandian",Endangered
Epioblasma brevidens,"Combshell, Cumberlandian",XN
Epioblasma brevidens,"Combshell, Cumberlandian",XN
Epioblasma (=Dysnomia) penita,"Combshell, southern",Endangered
Epioblasma metastriata,"Combshell, upland",Endangered
Fusconaia rotulata,"Ebonyshell, round",Endangered
Alasmidonta raveneliana,"Elktoe, Appalachian",Endangered
Alasmidonta atropurpurea,"Elktoe, Cumberland",Endangered
Cyprogenia stegaria,Fanshell,Endangered
Cyprogenia stegaria,Fanshell,XN
Lampsilis powelli,"Fatmucket, Arkansas",Threatened
Potamilus inflatus,"Heelsplitter, inflated",Threatened
Lasmigona decorata,"Heelsplitter, Carolina",Endangered
Lampsilis higginsii,Higgins eye (pearlymussel),Endangered
Popenaias popeii,"Hornshell, Texas",Endangered
Ptychobranchus subtentus,"Kidneyshell, fluted",Endangered
Ptychobranchus jonesi,"Kidneyshell, southern",Endangered
Ptychobranchus greenii,"Kidneyshell, triangular",Endangered
Lampsilis virescens,"Lampmussel, Alabama",Endangered
Lampsilis virescens,"Lampmussel, Alabama",XN
Elliptio lanceolata,"Lance, yellow",Threatened
Toxolasma cylindrellus,"Lilliput, pale",Endangered
Quadrula fragosa,"Mapleleaf, winged (mussel)",Endangered
Quadrula fragosa,"Mapleleaf, winged (mussel)",XN
Medionidus acutissimus,"Moccasinshell, Alabama",Threatened
Medionidus parvulus,"Moccasinshell, Coosa",Endangered
Medionidus penicillatus,"Moccasinshell, Gulf",Endangered
Medionidus simpsonianus,"Moccasinshell, Ochlockonee",Endangered
Medionidus walkeri,"Moccasinshell, Suwannee",Threatened
Quadrula sparsa,"Monkeyface, Appalachian (pearlymussel)",Endangered
Quadrula sparsa,"Monkeyface, Appalachian (pearlymussel)",XN
Quadrula intermedia,"Monkeyface, Cumberland",Endangered
Quadrula intermedia,"Monkeyface, Cumberland",XN
Quadrula intermedia,"Monkeyface, Cumberland",XN
Lampsilis rafinesqueana,"Mucket, Neosho",Endangered
Lampsilis perovalis,"Mucket, orangenacre",Threatened
Lampsilis abrupta,"Mucket, pink (pearlymussel)",Endangered
Epioblasma capsaeformis,"Mussel, oyster",Endangered
Epioblasma capsaeformis,"Mussel, oyster",XN
Epioblasma capsaeformis,"Mussel, oyster",XN
Villosa fabalis,"Mussel, rayed bean",Endangered
Leptodea leptodon,"Mussel, scaleshell",Endangered
Margaritifera marrianae,"Pearlshell, Alabama",Endangered
Margaritifera hembeli,"Pearlshell, Louisiana",Threatened
Lemiox rimosus,"Pearlymussel, birdwing",Endangered
Lemiox rimosus,"Pearlymussel, birdwing",XN
Lemiox rimosus,"Pearlymussel, birdwing",XN
Hemistena lata,"Pearlymussel, cracking",Endangered
Hemistena lata,"Pearlymussel, cracking",XN
Hemistena lata,"Pearlymussel, cracking",XN
Epioblasma florentina curtisii,"Pearlymussel, Curtis",Endangered
Dromus dromas,"Pearlymussel, dromedary",Endangered
Dromus dromas,"Pearlymussel, dromedary",XN
Dromus dromas,"Pearlymussel, dromedary",XN
Pegias fabula,"Pearlymussel, littlewing",Endangered
Megalonaias nicklineana,"Pearlymussel, Nicklin's",Endangered
Pleuronaia dolabelloides,"Pearlymussel, slabside",Endangered
Cyrtonaias tampicoensis tecomatensis,"Pearlymussel, Tampico",Endangered
Pleurobema gibberum,"Pigtoe, Cumberland",Endangered
Pleurobema furvum,"Pigtoe, dark",Endangered
Fusconaia cuneolus,"Pigtoe, finerayed",Endangered
Fusconaia cuneolus,"Pigtoe, finerayed",XN
Fusconaia cuneolus,"Pigtoe, finerayed",XN
Pleurobema marshalli,"Pigtoe, flat",Endangered
Pleurobema strodeanum,"Pigtoe, fuzzy",Threatened
Pleurobema hanleyianum,"Pigtoe, Georgia",Endangered
Pleurobema taitianum,"Pigtoe, heavy",Endangered
Fusconaia escambia,"Pigtoe, narrow",Threatened
Pleurobema pyriforme,"Pigtoe, oval",Endangered
Pleurobema plenum,"Pigtoe, rough",Endangered
Pleurobema plenum,"Pigtoe, rough",XN
Fusconaia cor,"Pigtoe, shiny",Endangered
Fusconaia cor,"Pigtoe, shiny",XN
Fusconaia cor,"Pigtoe, shiny",XN
Pleurobema georgianum,"Pigtoe, southern",Endangered
Fusconaia burkei,"Pigtoe, tapered",Threatened
Plethobasus cooperianus,"Pimpleback, orangefoot",Endangered
Plethobasus cooperianus,"Pimpleback, orangefoot",XN
Obovaria retusa,"Pink, ring",Endangered
Obovaria retusa,"Pink, ring",XN
Potamilus capax,"Pocketbook, fat",Endangered
Lampsilis altilis,"Pocketbook, finelined",Threatened
Arkansia wheeleri,"Rock-pocketbook, Ouachita",Endangered
Lampsilis subangulata,"Pocketbook, shinyrayed",Endangered
Lampsilis streckeri,"Pocketbook, speckled",Endangered
Quadrula cylindrica cylindrica,Rabbitsfoot,Threatened
Quadrula cylindrica strigillata,"Rabbitsfoot, rough",Endangered
Epioblasma torulosa rangiana,"Riffleshell, northern",Endangered
Epioblasma florentina walkeri (=E. walkeri),"Riffleshell, tan",Endangered
Hamiota australis,"Sandshell, southern",Threatened
Plethobasus cyphyus,Sheepnose,Endangered
Elliptio chipolaensis,"Slabshell, Chipola",Threatened
Epioblasma triquetra,Snuffbox (mussel),Endangered
Cumberlandia monodonta,Spectaclecase,Endangered
Elliptio spinosa,"Spinymussel, Altamaha",Endangered
Pleurobema collina,"Spinymussel, James",Endangered
Elliptio steinstansana,"Spinymussel, Tar River",Endangered
Quadrula stapes,Stirrupshell,Endangered
Amblema neislerii,"Threeridge, fat",Endangered
Plethobasus cicatricosus,"Wartyback, white",Endangered
Plethobasus cicatricosus,"Wartyback, white",XN
Alasmidonta heterodon,"Wedgemussel, dwarf",Endangered
Scientific Name,Common Name,Status
Haliotis cracherodii,"Abalone, Black",Endangered
Haliotis sorenseni,"Abalone, white",Endangered
Oxyloma haydeni kanabensis,"Ambersnail, Kanab",Endangered
Campeloma decampi,"Campeloma, slender",Endangered
Antrobia culveri,"Cavesnail, Tumbling Creek",Endangered
Elimia crenatella,"Elimia, lacy",Threatened
Pleurocera foremani,"Hornsnail, rough",Endangered
Lanx sp.,"Limpet, Banbury Springs",Endangered
Lioplax cyclostomaformis,"Lioplax, cylindrical",Endangered
Pyrgulopsis (=Marstonia) pachyta,"Marstonia, armored (snail)",Endangered
Pyrgulopsis ogmorhaphe,"Marstonia, royal",Endangered
Lepyrium showalteri,"Pebblesnail, flat",Endangered
Assiminea pecos,Pecos assiminea,Endangered
Athearnia anthonyi,"Riversnail, Anthony's",Endangered
Athearnia anthonyi,"Riversnail, Anthony's",XN
Athearnia anthonyi,"Riversnail, Anthony's",XN
Leptoxis foremani,"Rocksnail, interrupted",Endangered
Leptoxis taeniata,"Rocksnail, painted",Threatened
Leptoxis plicata,"Rocksnail, plicate",Endangered
Leptoxis ampla,"Rocksnail, round",Threatened
Taylorconcha serpenticola,"Snail, Bliss Rapids",Threatened
Succinea chittenangoensis,"Snail, Chittenango ovate amber",Threatened
Triodopsis platysayoides,"Snail, flat-spired three-toothed",Threatened
Samoana fragilis,"Snail, fragile tree (Akaleha dogas, Denden)",Endangered
Partula radiolata,"Snail, Guam tree (Akaleha, Denden)",Endangered
Partula gibba,"Snail, humped tree (Akaleha, Denden)",Endangered
Discus macclintocki,"Snail, Iowa Pleistocene",Endangered
Partulina semicarinata,"Snail, Lanai tree",Endangered
Partulina variabilis,"Snail, Lanai tree",Endangered
Partula langfordi,"Snail, Langford's tree (Akaleha, Denden)",Endangered
Papustyla pulcherrima,"Snail, Manus Island tree",Endangered
Helminthoglypta walkeriana,"Snail, Morro shoulderband (=Banded dune)",Endangered
Erinna newcombi,"Snail, Newcomb's",Threatened
Newcombia cumingi,"Snail, Newcomb's tree",Endangered
Eua zebrina,Snail [no common name],Endangered
Ostodes strigatus,Snail [no common name],Endangered
Mesodon clarki nantahala,"Snail, noonday",Threatened
Anguispira picta,"Snail, painted snake coiled forest",Threatened
Physa natricina,"Snail, Snake River physa",Endangered
Orthalicus reses(not incl. nesodryas ),"Snail, Stock Island tree",Threatened
Tulotoma magnifica,"Snail, tulotoma",Threatened
Polygyriscus virginianus,"Snail, Virginia fringed mountain",Endangered
Achatinella spp.,"Snails, Oahu tree",Endangered
Tryonia alamosae,"Springsnail, Alamosa",Endangered
Pyrgulopsis bruneauensis,"Springsnail, Bruneau Hot",Endangered
Pyrgulopsis chupaderae,"Springsnail, Chupadera",Endangered
Juturnia kosteria,"Springsnail, Koster's",Endangered
Pyrgulopsis texana,"Springsnail, Phantom",Endangered
Pyrgulopsis roswellensis,"Springsnail, Roswell",Endangered
Pyrgulopsis bernardina,"Springsnail, San Bernardino",Threatened
Pyrgulopsis neomexicana,"Springsnail, Socorro",Endangered
Pyrgulopsis trivialis,"Springsnail, Three Forks",Endangered
Pseudotryonia adamantina,"Tryonia, Diamond",Endangered
Tryonia circumstriata,"Tryonia, Gonzales",Endangered
Tryonia cheatumi,"Tryonia, Phantom",Endangered
Scientific Name,Common Name,Status
Bombus affinis,"Bee, bumble, rusty patched",Endangered
Hylaeus anthracinus,"Bee, yellow-faced",Endangered
Hylaeus assimulans,"Bee, yellow-faced",Endangered
Hylaeus facilis,"Bee, yellow-faced",Endangered
Hylaeus hilaris,"Bee, yellow-faced",Endangered
Hylaeus kuakea,"Bee, yellow-faced",Endangered
Hylaeus longiceps,"Bee, yellow-faced",Endangered
Hylaeus mana,"Bee, yellow-faced",Endangered
Nicrophorus americanus,"Beetle, American burying",Endangered
Nicrophorus americanus,"Beetle, American burying",XN
Dinacoma caseyi,"Beetle, Casey's June",Endangered
Batrisodes texanus,"Beetle, Coffin Cave mold",Endangered
Stygoparnus comalensis,"Beetle, Comal Springs dryopid",Endangered
Heterelmis comalensis,"Beetle, Comal Springs riffle",Endangered
Elaphrus viridis,"Beetle, delta green ground",Threatened
Batrisodes venyivi,"Beetle, Helotes mold",Endangered
Brychius hungerfordi,"Beetle, Hungerford's crawling water",Endangered
Texamaurops reddelli,"Beetle, Kretschmarr Cave mold",Endangered
Cicindelidia floridana,"Beetle, Miami tiger",Endangered
Polyphylla barbata,"Beetle, Mount Hermon June",Endangered
Rhadine exilis,"Beetle, (no common name)",Endangered
Rhadine infernalis,"Beetle, (no common name)",Endangered
Cicindela dorsalis dorsalis,"Beetle, Northeastern beach tiger",Threatened
Cicindela ohlone,"Beetle, Ohlone tiger",Endangered
Cicindela puritana,"Beetle, Puritan tiger",Threatened
Cicindela nevadica lincolniana,"Beetle, Salt Creek tiger",Endangered
Rhadine persephone,"Beetle, Tooth Cave ground",Endangered
Desmocerus californicus dimorphus,"Beetle, valley elderberry longhorn",Threatened
Strymon acis bartrami,"Butterfly, Bartram's scrub-hairstreak",Endangered
Euphydryas editha bayensis,"Butterfly, bay checkerspot",Threatened
Speyeria zerene behrensii,"Butterfly, Behren's silverspot",Endangered
Speyeria callippe callippe,"Butterfly, callippe silverspot",Endangered
Leptotes cassius theonus,"Butterfly, cassius blue",Threatened (S/A)
Hemiargus ceraunus antibubastus,"Butterfly, ceraunus blue",Threatened (S/A)
Papilio hospiton,"Butterfly, Corsican swallowtail",Endangered
Euphilotes battoides allyni,"Butterfly, El Segundo blue",Endangered
Icaricia icarioides fenderi,"Butterfly, Fender's blue",Endangered
Anaea troglodyta floridalis,"Butterfly, Florida leafwing",Endangered
Papilio homerus,"Butterfly, Homerus swallowtail",Endangered
Lycaeides melissa samuelis,"Butterfly, Karner blue",Endangered
Apodemia mormo langei,"Butterfly, Lange's metalmark",Endangered
Lycaeides argyrognomon lotis,"Butterfly, lotis blue",Endangered
Papilio chikae,"Butterfly, Luzon peacock swallowtail",Endangered
Hypolimnas octocula marianensis,"Butterfly, Mariana eight-spot (Ababbang, Libweibwogh)",Endangered
Vagrans egistina,"Butterfly, Mariana wandering (Ababbang, Libweibwogh)",Endangered
Cyclargus thomasi bethunebakeri,"Butterfly, Miami blue",Endangered
Icaricia icarioides missionensis,"Butterfly, mission blue",Endangered
Neonympha mitchellii mitchellii,"Butterfly, Mitchell's satyr",Endangered
Icaricia (Plebejus) shasta charlestonensis,"Butterfly, Mount Charleston blue",Endangered
Speyeria zerene myrtleae,"Butterfly, Myrtle's silverspot",Endangered
Cyclargus ammon,"Butterfly, nickerbean blue",Threatened (S/A)
Speyeria zerene hippolyta,"Butterfly, Oregon silverspot",Threatened
Speyeria zerene hippolyta,"Butterfly, Oregon silverspot",XN
Glaucopsyche lygdamus palosverdesensis,"Butterfly, Palos Verdes blue",Endangered
Troides alexandrae,"Butterfly, Queen Alexandra's birdwing",Endangered
Euphydryas editha quino,"Butterfly, Quino checkerspot",Endangered
Neonympha mitchellii francisci,"Butterfly, Saint Francis' satyr",Endangered
Callophrys mossii bayensis,"Butterfly, San Bruno elfin",Endangered
Heraclides aristodemus ponceanus,"Butterfly, Schaus swallowtail",Endangered
Euphilotes enoptes smithi,"Butterfly, Smith's blue",Endangered
Euphydryas editha taylori,"Butterfly, Taylor's checkerspot",Endangered
Boloria acrocnema,"Butterfly, Uncompahgre fritillary",Endangered
Megalagrion nigrohamatum nigrolineatum,"Damselfly, blackline Hawaiian",Endangered
Megalagrion leptodemas,"Damselfly, crimson Hawaiian",Endangered
Megalagrion nesiotes,"Damselfly, flying earwig Hawaiian",Endangered
Megalagrion oceanicum,"Damselfly, oceanic Hawaiian",Endangered
Megalagrion xanthomelas,"Damselfly, orangeblack Hawaiian",Endangered
Megalagrion pacificum,"Damselfly, Pacific Hawaiian",Endangered
Ischnura luta,"Damselfly, Rota blue (Dulalas Luta, Dulalas Luuta)",Endangered
Somatochlora hineana,"Dragonfly, Hine's emerald",Endangered
Rhaphiomidas terminatus abdominalis,"Fly, Delhi Sands flower-loving",Endangered
Drosophila aglaia,"Fly, Hawaiian picture-wing",Endangered
Drosophila differens,"Fly, Hawaiian picture-wing",Endangered
Drosophila digressa,"Fly, Hawaiian picture-wing",Endangered
Drosophila hemipeza,"Fly, Hawaiian picture-wing",Endangered
Drosophila heteroneura,"Fly, Hawaiian picture-wing",Endangered
Drosophila montgomeryi,"Fly, Hawaiian picture-wing",Endangered
Drosophila mulli,"Fly, Hawaiian picture-wing",Threatened
Drosophila musaphilia,"Fly, Hawaiian picture-wing",Endangered
Drosophila neoclavisetae,"Fly, Hawaiian picture-wing",Endangered
Drosophila obatai,"Fly, Hawaiian picture-wing",Endangered
Drosophila ochrobasis,"Fly, Hawaiian picture-wing",Endangered
Drosophila sharpi,"Fly, Hawaiian picture-wing",Endangered
Drosophila substenoptera,"Fly, Hawaiian picture-wing",Endangered
Drosophila tarphytrichia,"Fly, Hawaiian picture-wing",Endangered
Trimerotropis infantilis,"Grasshopper, Zayante band-winged",Endangered
Manduca blackburni,"Moth, Blackburn's sphinx",Endangered
Euproserpinus euterpe,"Moth, Kern primrose sphinx",Threatened
Ambrysus amargosus,"Naucorid, Ash Meadows",Threatened
Pseudocopaeodes eunus obscurus,"Skipper, Carson wandering",Endangered
Hesperia dacotae,"Skipper, Dakota",Threatened
Pyrgus ruralis lagunae,"Skipper, Laguna Mountains",Endangered
Hesperia leonardus montana,"Skipper, Pawnee montane",Threatened
Oarisma poweshiek,"Skipperling, Poweshiek",Endangered
Scientific Name,Common Name,Status
Texella reddelli,"Harvestman, Bee Creek Cave",Endangered
Texella reyesi,"Harvestman, Bone Cave",Endangered
Texella cokendolpheri,"Harvestman, Cokendolpher cave",Endangered
Circurina venii,"Meshweaver, Braken Bat Cave",Endangered
Circurina vespera,"Meshweaver, Government Canyon Bat Cave",Endangered
Cicurina madla,"Meshweaver, Madla Cave",Endangered
Cicurina baronia,"Meshweaver, Robber Baron Cave",Endangered
Tartarocreagris texana,"Pseudoscorpion, Tooth Cave",Endangered
Neoleptoneta microps,"Spider, Government Canyon Bat Cave",Endangered
Poecilotheria subfusca,"Spider, ivory ornamental tiger",Endangered
Adelocosa anops,"Spider, Kauai cave wolf",Endangered
Poecilotheria ornata,"Spider, ornate tiger",Endangered
Poecilotheria vittata,"Spider, Pedersen's tiger",Endangered
Poecilotheria smithi,"Spider, Smith's tiger",Endangered
Microhexura montivaga,"Spider, spruce-fir moss",Endangered
Poecilotheria fasciata,"Spider, Sri Lanka ornamental tiger",Endangered
Neoleptoneta myopica,"Spider, Tooth Cave",Endangered
Scientific Name,Common Name,Status
Gammarus hyalleloides,"Amphipod, diminutive",Endangered
Stygobromus hayi,"Amphipod, Hay's Spring",Endangered
Gammarus acherondytes,"Amphipod, Illinois Cave",Endangered
Spelaeorchestia koloana,"Amphipod, Kauai cave",Endangered
Gammarus desperatus,"Amphipod, Noel's",Endangered
Stygobromus (=Stygonectes) Pecki,"Amphipod, Peck's cave",Endangered
Gammarus pecos,"Amphipod, Pecos",Endangered
Cambarus callainus,"Crayfish, Big Sandy",Threatened
Cambarus aculabrum,"Crayfish, cave",Endangered
Cambarus zophonastes,"Crayfish, cave",Endangered
Cambarus veteranus,"Crayfish, Guyandotte River",Endangered
Orconectes shoupi,"Crayfish, Nashville",Endangered
Pacifastacus fortis,"Crayfish, Shasta",Endangered
Branchinecta conservatio,"Fairy shrimp, Conservancy",Endangered
Branchinecta longiantenna,"Fairy shrimp, longhorn",Endangered
Streptocephalus woottoni,"Fairy shrimp, Riverside",Endangered
Branchinecta sandiegonensis,"Fairy shrimp, San Diego",Endangered
Branchinecta lynchi,"Fairy shrimp, vernal pool",Endangered
Lirceus usdagalun,"Isopod, Lee County cave",Endangered
Antrolana lira,"Isopod, Madison Cave",Threatened
Thermosphaeroma thermophilus,"Isopod, Socorro",Endangered
Palaemonias alabamae,"Shrimp, Alabama cave",Endangered
Procaris hawaiana,"Shrimp, anchialine pool",Endangered
Vetericaris chaceorum,"Shrimp, anchialine pool",Endangered
Syncaris pacifica,"Shrimp, California freshwater",Endangered
Palaemonias ganteri,"Shrimp, Kentucky cave",Endangered
Palaemonetes cummingi,"Shrimp, Squirrel Chimney cave",Threatened
Lepidurus packardi,"Tadpole shrimp, vernal pool",Endangered
Scientific Name,Common Name,Status
Acropora globiceps,"Coral, (no common name)",Threatened
Acropora jacquelineae,"Coral, (no common name)",Threatened
Acropora lokani,"Coral, (no common name)",Threatened
Acropora pharaonis,"Coral, (no common name)",Threatened
Acropora retusa,"Coral, (no common name)",Threatened
Acropora rudis,"Coral, (no common name)",Threatened
Acropora speciosa,"Coral, (no common name)",Threatened
Acropora tenella,"Coral, (no common name)",Threatened
Anacropora spinosa,"Coral, (no common name)",Threatened
Cantharellus noumeae,"Coral, (no common name)",Endangered
Euphyllia paradivisa,"Coral, (no common name)",Threatened
Isopora crateriformis,"Coral, (no common name)",Threatened
Montipora australiensis,"Coral, (no common name)",Threatened
Pavona diffluens,"Coral, (no common name)",Threatened
Porites napopora,"Coral, (no common name)",Threatened
Seriatopora aculeata,"Coral, (no common name)",Threatened
Siderastrea glynni,"Coral, (no common name)",Endangered
Tubastraea floreana,"Coral, (no common name)",Endangered
Orbicella franksi,"Coral, boulder star",Threatened
Acropora palmata,"Coral, elkhorn",Threatened
Orbicella annularis,"Coral, lobed star",Threatened
Orbicella faveolata,"Coral, mountainous star",Threatened
Dendrogyra cylindrus,"Coral, pillar",Threatened
Mycetophyllia ferox,"Coral, rough cactus",Threatened
Acropora cervicornis,"Coral, staghorn",Threatened
